sample_id,t,route_repeat,mode,fm_mse,dense_prediction_mse
0,0.15,0,dense,0.6430939435958862,0.0
1,0.15,0,dense,0.9509907364845276,0.0
0,0.15,0,full_sparse,0.6452804207801819,0.0069496650248765945
1,0.15,0,full_sparse,0.9504083395004272,0.006397767458111048
0,0.15,0,full_corrected,0.6463704109191895,0.006734677590429783
1,0.15,0,full_corrected,0.9501354694366455,0.00632227910682559
0,0.7,0,dense,0.41156354546546936,0.0
1,0.7,0,dense,0.6618901491165161,0.0
0,0.7,0,full_sparse,0.4095346927642822,0.0029806983657181263
1,0.7,0,full_sparse,0.6543329358100891,0.002463073469698429
0,0.7,0,full_corrected,0.4090891182422638,0.002829270903021097
1,0.7,0,full_corrected,0.6532747149467468,0.0024873199872672558
