t,layer,comparison,metric,before_mean,after_mean,relative_change_pct,mean,ci95_low,ci95_high
0.15,3,local_correction,self_mass,0.038967384840361774,0.02092002419522032,-46.31401547493199,-0.018047360645141453,-0.01886726446294536,-0.017227456827337544
0.15,3,local_correction,output_mse,0.006919791951077059,0.007059104420477524,2.01324650199608,0.0001393124694004655,0.00013135231953735182,0.00014727261926357916
0.15,3,local_correction,output_mae,0.05859123325596253,0.05893258051946759,0.5825910200828899,0.0003413472635050638,0.0002755119154850688,0.00040718261152505875
0.15,3,local_correction,output_cosine,0.9688026135166485,0.9680415093898773,-0.07856132055719112,-0.0007611041267712726,-0.0009721716245015832,-0.000550036629040962
0.15,3,local_correction,output_relative_rmse,0.2560310574869315,0.25740995692710084,0.5385672557477683,0.0013788994401693344,0.0010742880403995514,0.0016835108399391174
0.15,3,full_correction,self_mass,0.038967384840361774,0.02092002419522032,-46.31401547493199,-0.018047360645141453,-0.01886726446294536,-0.017227456827337544
0.15,3,full_correction,output_mse,0.006919791951077059,0.007059104420477524,2.01324650199608,0.0001393124694004655,0.00013135231953735182,0.00014727261926357916
0.15,3,full_correction,output_mae,0.05859123325596253,0.05893258051946759,0.5825910200828899,0.0003413472635050638,0.0002755119154850688,0.00040718261152505875
0.15,3,full_correction,output_cosine,0.9688026135166485,0.9680415093898773,-0.07856132055719112,-0.0007611041267712726,-0.0009721716245015832,-0.000550036629040962
0.15,3,full_correction,output_relative_rmse,0.2560310574869315,0.25740995692710084,0.5385672557477683,0.0013788994401693344,0.0010742880403995514,0.0016835108399391174
0.15,3,local_sparse_minus_dense,self_mass,0.020455109915928915,0.038967384840361774,90.50195770405946,0.01851227492443286,0.017394006659742445,0.019630543189123273
0.15,3,local_sparse_minus_dense,output_mse,0.0,0.006919791951077059,,0.006919791951077059,0.006323842079533885,0.007515741822620233
0.15,3,local_sparse_minus_dense,output_mae,0.0,0.05859123325596253,,0.05859123325596253,0.05601988329241673,0.06116258321950833
0.15,3,local_sparse_minus_dense,output_cosine,1.0,0.9688026135166485,-3.1197386483351464,-0.031197386483351408,-0.04105600714683533,-0.02133876581986749
0.15,3,local_sparse_minus_dense,output_relative_rmse,0.0,0.2560310574869315,,0.2560310574869315,0.21517255778114,0.296889557192723
0.15,3,full_sparse_minus_dense,self_mass,0.020455109915928915,0.038967384840361774,90.50195770405946,0.01851227492443286,0.017394006659742445,0.019630543189123273
0.15,3,full_sparse_minus_dense,output_mse,0.0,0.006919791951077059,,0.006919791951077059,0.006323842079533885,0.007515741822620233
0.15,3,full_sparse_minus_dense,output_mae,0.0,0.05859123325596253,,0.05859123325596253,0.05601988329241673,0.06116258321950833
0.15,3,full_sparse_minus_dense,output_cosine,1.0,0.9688026135166485,-3.1197386483351464,-0.031197386483351408,-0.04105600714683533,-0.02133876581986749
0.15,3,full_sparse_minus_dense,output_relative_rmse,0.0,0.2560310574869315,,0.2560310574869315,0.21517255778114,0.296889557192723
0.15,4,local_correction,self_mass,0.06340356217697263,0.03422258117158587,-46.02419801577792,-0.029180981005386755,-0.0304477650206536,-0.027914196990119912
0.15,4,local_correction,output_mse,0.022649053464798875,0.023280890192836523,2.7896827080197806,0.000631836728037646,0.0005477797628069929,0.0007158936932682991
0.15,4,local_correction,output_mae,0.10514663827295105,0.1063747825101018,1.16802996018055,0.001228144237150744,0.0010851494347055707,0.0013711390395959172
0.15,4,local_correction,output_cosine,0.9498014152050018,0.9480356946587563,-0.18590418144033283,-0.001765720546245575,-0.001950313647588131,-0.0015811274449030188
0.15,4,local_correction,output_relative_rmse,0.32183594504992163,0.3257158336540063,1.2055485609237415,0.0038798886040846414,0.003722868859767914,0.004036908348401369
0.15,4,full_correction,self_mass,0.0632716752588749,0.03534584418715288,-44.13638639638352,-0.027925831071722015,-0.029178093303926296,-0.026673568839517735
0.15,4,full_correction,output_mse,0.02122797842215126,0.022475659303988017,5.877530384781293,0.0012476808818367609,0.0012325516436249018,0.00126281012004862
0.15,4,full_correction,output_mae,0.10007122221092384,0.10307569460322459,3.0023340636013307,0.0030044723923007555,0.0028518584246436662,0.0031570863599578447
0.15,4,full_correction,output_cosine,0.9545875216523807,0.9524421940247217,-0.22473870430921306,-0.0021453276276588995,-0.0024312337239583703,-0.0018594215313594287
0.15,4,full_correction,output_relative_rmse,0.3030156325548887,0.3117880218972763,2.8950286387612323,0.008772389342387527,0.008100313444932283,0.00944446523984277
0.15,4,local_sparse_minus_dense,self_mass,0.0321495760193405,0.06340356217697263,97.21430272931248,0.03125398615763212,0.029982090500804283,0.03252588181445996
0.15,4,local_sparse_minus_dense,output_mse,0.0,0.022649053464798875,,0.022649053464798875,0.021376910697047908,0.023921196232549846
0.15,4,local_sparse_minus_dense,output_mae,0.0,0.10514663827295105,,0.10514663827295105,0.10055883849660556,0.10973443804929654
0.15,4,local_sparse_minus_dense,output_cosine,1.0,0.9498014152050018,-5.019858479499817,-0.05019858479499817,-0.058322037259737614,-0.042075132330258724
0.15,4,local_sparse_minus_dense,output_relative_rmse,0.0,0.32183594504992163,,0.32183594504992163,0.29506125673651695,0.34861063336332637
0.15,4,full_sparse_minus_dense,self_mass,0.0321495760193405,0.0632716752588749,96.80407362390098,0.031122099239534393,0.029819450069529317,0.03242474840953947
0.15,4,full_sparse_minus_dense,output_mse,0.0,0.02122797842215126,,0.02122797842215126,0.0201348994160071,0.022321057428295415
0.15,4,full_sparse_minus_dense,output_mae,0.0,0.10007122221092384,,0.10007122221092384,0.09627958262960117,0.1038628617922465
0.15,4,full_sparse_minus_dense,output_cosine,1.0,0.9545875216523807,-4.54124783476193,-0.045412478347619356,-0.05229377746582031,-0.0385311792294184
0.15,4,full_sparse_minus_dense,output_relative_rmse,0.0,0.3030156325548887,,0.3030156325548887,0.2779390836755435,0.32809218143423396
0.15,5,local_correction,self_mass,0.07123640272766352,0.0401043181385224,-43.70249394562911,-0.031132084589141112,-0.032367347118755184,-0.02989682205952704
0.15,5,local_correction,output_mse,0.018709214210199814,0.01918606054581081,2.5487245495913635,0.0004768463356109951,0.00045193215676893675,0.0005017605144530535
0.15,5,local_correction,output_mae,0.09424458164721727,0.09529203285152713,1.1114179574065464,0.0010474512043098586,0.0009655853112538609,0.0011293170973658562
0.15,5,local_correction,output_cosine,0.9659772664308548,0.96471223483483,-0.1309587337079754,-0.0012650315960248126,-0.0014049112796783447,-0.0011251519123712805
0.15,5,local_correction,output_relative_rmse,0.25889416225254536,0.26163977632919944,1.060516024295599,0.002745614076654121,0.002436373382806778,0.003054854770501464
0.15,5,full_correction,self_mass,0.07083335786592215,0.041437906407130264,-41.499446509981155,-0.02939545145879189,-0.030506908893585198,-0.02828399402399858
0.15,5,full_correction,output_mse,0.01707473851274699,0.01850734276619429,8.390197322072046,0.0014326042534473036,0.001237675256561488,0.0016275332503331193
0.15,5,full_correction,output_mae,0.08956624986603856,0.0935422273663183,4.439147007077415,0.00397597750027974,0.003410089140137032,0.004541865860422448
0.15,5,full_correction,output_cosine,0.9693138549725215,0.9671891331672668,-0.21919853867300443,-0.002124721805254637,-0.002544860045115116,-0.0017045835653941577
0.15,5,full_correction,output_relative_rmse,0.24215217307209969,0.25227267543474835,4.179397704448973,0.010120502362648637,0.008181866258382797,0.012059138466914476
0.15,5,local_sparse_minus_dense,self_mass,0.038629577960819006,0.07123640272766352,84.40895937283285,0.03260682476684451,0.030975167949994407,0.034238481583694615
0.15,5,local_sparse_minus_dense,output_mse,0.0,0.018709214210199814,,0.018709214210199814,0.017143711137274902,0.020274717283124726
0.15,5,local_sparse_minus_dense,output_mae,0.0,0.09424458164721727,,0.09424458164721727,0.08973746219029029,0.09875170110414426
0.15,5,local_sparse_minus_dense,output_cosine,1.0,0.9659772664308548,-3.4022733569145203,-0.0340227335691452,-0.039657965302467346,-0.02838750183582306
0.15,5,local_sparse_minus_dense,output_relative_rmse,0.0,0.25889416225254536,,0.25889416225254536,0.23860635856787363,0.27918196593721706
0.15,5,full_sparse_minus_dense,self_mass,0.038629577960819006,0.07083335786592215,83.36560119234701,0.03220377990510315,0.030395173933357007,0.03401238587684929
0.15,5,full_sparse_minus_dense,output_mse,0.0,0.01707473851274699,,0.01707473851274699,0.01567925576819107,0.01847022125730291
0.15,5,full_sparse_minus_dense,output_mae,0.0,0.08956624986603856,,0.08956624986603856,0.08589096739888191,0.09324153233319521
0.15,5,full_sparse_minus_dense,output_cosine,1.0,0.9693138549725215,-3.068614502747846,-0.030686145027478517,-0.035473212599754333,-0.0258990774552027
0.15,5,full_sparse_minus_dense,output_relative_rmse,0.0,0.24215217307209969,,0.24215217307209969,0.22417337571581206,0.26013097042838734
0.15,6,local_correction,self_mass,0.07048334460705519,0.03917577501852065,-44.418393824916095,-0.031307569588534534,-0.03291071555577219,-0.029704423621296876
0.15,6,local_correction,output_mse,0.015580018419617165,0.01605500723235309,3.0487050781522695,0.0004749888127359254,0.0004338653913388661,0.0005161122341329847
0.15,6,local_correction,output_mae,0.08891289960592985,0.0900403717532754,1.2680636356958264,0.001127472147345543,0.0010477372755606923,0.0012072070191303935
0.15,6,local_correction,output_cosine,0.9722567449013393,0.971037430067857,-0.1254107867984966,-0.0012193148334821435,-0.001299843192100525,-0.0011387864748637622
0.15,6,local_correction,output_relative_rmse,0.23570486903190613,0.23845771575967473,1.1679210272894203,0.0027528467277685847,0.0025337326029936658,0.0029719608525435037
0.15,6,full_correction,self_mass,0.0691938657158365,0.040057852534422025,-42.10779796733639,-0.02913601318141446,-0.030394259917860232,-0.027877766444968685
0.15,6,full_correction,output_mse,0.014744243157717088,0.01642367197200656,11.390403673656625,0.001679428814289472,0.0016525496806328518,0.001706307947946092
0.15,6,full_correction,output_mae,0.0861210017465055,0.09099689079448581,5.66167247140521,0.0048758890479803085,0.0047580773631731715,0.0049937007327874455
0.15,6,full_correction,output_cosine,0.9742927725116413,0.9719978248079617,-0.2355501106472757,-0.0022949477036794397,-0.0023823877175649377,-0.0022075076897939416
0.15,6,full_correction,output_relative_rmse,0.22437004558742046,0.23690073564648628,5.58483197980344,0.012530690059065833,0.011716987937688855,0.01334439218044281
0.15,6,local_sparse_minus_dense,self_mass,0.038610563011995204,0.07048334460705519,82.5493831446022,0.03187278159505998,0.029322929602737226,0.03442263358738274
0.15,6,local_sparse_minus_dense,output_mse,0.0,0.015580018419617165,,0.015580018419617165,0.013672970895034572,0.01748706594419976
0.15,6,local_sparse_minus_dense,output_mae,0.0,0.08891289960592985,,0.08891289960592985,0.0844082273542881,0.0934175718575716
0.15,6,local_sparse_minus_dense,output_cosine,1.0,0.9722567449013393,-2.7743255098660713,-0.02774325509866077,-0.032767683267593384,-0.022718826929728153
0.15,6,local_sparse_minus_dense,output_relative_rmse,0.0,0.23570486903190613,,0.23570486903190613,0.21643508598208427,0.254974652081728
0.15,6,full_sparse_minus_dense,self_mass,0.038610563011995204,0.0691938657158365,79.20967817625433,0.030583302703841284,0.02861604560166598,0.03255055980601659
0.15,6,full_sparse_minus_dense,output_mse,0.0,0.014744243157717088,,0.014744243157717088,0.012696880381554365,0.01679160593387981
0.15,6,full_sparse_minus_dense,output_mae,0.0,0.0861210017465055,,0.0861210017465055,0.08123746855805318,0.09100453493495782
0.15,6,full_sparse_minus_dense,output_cosine,1.0,0.9742927725116413,-2.570722748835874,-0.025707227488358797,-0.030292073885599735,-0.02112238109111786
0.15,6,full_sparse_minus_dense,output_relative_rmse,0.0,0.22437004558742046,,0.22437004558742046,0.20414450143774351,0.2445955897370974
0.15,7,local_correction,self_mass,0.04721652968631436,0.025363049906445667,-46.28353656029679,-0.021853479779868696,-0.02320136207466324,-0.02050559748507415
0.15,7,local_correction,output_mse,0.010529029163687179,0.01076237376158436,2.216202408308887,0.0002333445978971822,0.00017426426832874674,0.00029242492746561766
0.15,7,local_correction,output_mae,0.07483345534031591,0.07539197445536654,0.7463494936999604,0.0005585191150506361,0.0004555412257711139,0.0006614970043301582
0.15,7,local_correction,output_cosine,0.9722390025854111,0.9713513180613518,-0.09130311802949542,-0.0008876845240592957,-0.0010169198115667077,-0.0007584492365518836
0.15,7,local_correction,output_relative_rmse,0.229565625389417,0.23161076257626217,0.8908725700443876,0.002045137186845153,0.00188518812259042,0.002205086251099886
0.15,7,full_correction,self_mass,0.04643063179294889,0.025820051164676748,-44.39004991399263,-0.020610580628272146,-0.021688647645836074,-0.019532513610708215
0.15,7,full_correction,output_mse,0.00956803520481723,0.011484353473254789,20.02833630328562,0.0019163182684375597,0.0015132449916563928,0.0023193915452187266
0.15,7,full_correction,output_mae,0.07193719564626613,0.07857205144440134,9.22312266766767,0.006634855798135199,0.005107446884115532,0.008162264712154865
0.15,7,full_correction,output_cosine,0.9739882275462151,0.9700110654036205,-0.4083378043094332,-0.003977162142594637,-0.005309512217839485,-0.002644812067349789
0.15,7,full_correction,output_relative_rmse,0.21868068103988964,0.24081104497114816,10.11994467276316,0.022130363931258515,0.016200732439756393,0.028059995422760636
0.15,7,local_sparse_minus_dense,self_mass,0.02473570461734198,0.04721652968631436,90.88411030430592,0.022480825068972383,0.020913019795746852,0.024048630342197914
0.15,7,local_sparse_minus_dense,output_mse,0.0,0.010529029163687179,,0.010529029163687179,0.009964237843329707,0.01109382048404465
0.15,7,local_sparse_minus_dense,output_mae,0.0,0.07483345534031591,,0.07483345534031591,0.07204403510938089,0.07762287557125092
0.15,7,local_sparse_minus_dense,output_cosine,1.0,0.9722390025854111,-2.776099741458893,-0.027760997414588928,-0.0334748774766922,-0.022047117352485657
0.15,7,local_sparse_minus_dense,output_relative_rmse,0.0,0.229565625389417,,0.229565625389417,0.20846599464615187,0.25066525613268215
0.15,7,full_sparse_minus_dense,self_mass,0.02473570461734198,0.04643063179294889,87.70693016926143,0.02169492717560691,0.020707077482560027,0.022682776868653793
0.15,7,full_sparse_minus_dense,output_mse,0.0,0.00956803520481723,,0.00956803520481723,0.008518938188596318,0.010617132221038142
0.15,7,full_sparse_minus_dense,output_mae,0.0,0.07193719564626613,,0.07193719564626613,0.06739946082234383,0.07647493047018845
0.15,7,full_sparse_minus_dense,output_cosine,1.0,0.9739882275462151,-2.6011772453784943,-0.026011772453784943,-0.03316246469815576,-0.018861080209414127
0.15,7,full_sparse_minus_dense,output_relative_rmse,0.0,0.21868068103988964,,0.21868068103988964,0.18989886343479156,0.24746249864498773
0.15,8,local_correction,self_mass,0.06987552201220146,0.03832049537838126,-45.15891362974026,-0.03155502663382019,-0.031893194381458066,-0.031216858886182315
0.15,8,local_correction,output_mse,0.012109969024701666,0.012348722938137751,1.9715485064336624,0.00023875391343608499,0.00015769778595616478,0.0003198100409160052
0.15,8,local_correction,output_mae,0.08126264034459989,0.08175778187190494,0.6093101641853726,0.0004951415273050444,0.00031649786978960037,0.0006737851848204884
0.15,8,local_correction,output_cosine,0.9695617333054543,0.9682372386256854,-0.1366075654876897,-0.0013244946797688617,-0.0013741999864578247,-0.0012747893730798987
0.15,8,local_correction,output_relative_rmse,0.25133966964979965,0.2530786382655303,0.6918798843627005,0.0017389686157306128,0.0012111763159434186,0.002266760915517807
0.15,8,full_correction,self_mass,0.06846042930070931,0.038943818042753264,-43.11484978907403,-0.02951661125795605,-0.029845698445569724,-0.029187524070342377
0.15,8,full_correction,output_mse,0.012084355247983089,0.014481220355567833,19.83444758448978,0.0023968651075847447,0.002113006349342564,0.0026807238658269252
0.15,8,full_correction,output_mae,0.0817191251553595,0.08932959971328577,9.312966265189072,0.00761047455792626,0.006799672419826194,0.008421276696026325
0.15,8,full_correction,output_cosine,0.9683525289098422,0.9632811769843102,-0.5237092664219456,-0.005071351925532042,-0.006021400292714474,-0.004121303558349609
0.15,8,full_correction,output_relative_rmse,0.24780935607850552,0.2718772515654564,9.712262631168045,0.024067895486950888,0.021626887222131103,0.026508903751770674
0.15,8,local_sparse_minus_dense,self_mass,0.03760882787173614,0.06987552201220146,85.7955325023954,0.03226669414046531,0.03151568995478253,0.03301769832614809
0.15,8,local_sparse_minus_dense,output_mse,0.0,0.012109969024701666,,0.012109969024701666,0.012020880434041223,0.012199057615362108
0.15,8,local_sparse_minus_dense,output_mae,0.0,0.08126264034459989,,0.08126264034459989,0.08063420156637828,0.0818910791228215
0.15,8,local_sparse_minus_dense,output_cosine,1.0,0.9695617333054543,-3.0438266694545746,-0.030438266694545746,-0.034515316287676456,-0.026361217101415035
0.15,8,local_sparse_minus_dense,output_relative_rmse,0.0,0.25133966964979965,,0.25133966964979965,0.23755108440915743,0.2651282548904419
0.15,8,full_sparse_minus_dense,self_mass,0.03760882787173614,0.06846042930070931,82.03287146887878,0.030851601428973176,0.03046022561223556,0.03124297724571079
0.15,8,full_sparse_minus_dense,output_mse,0.0,0.012084355247983089,,0.012084355247983089,0.010823964102504155,0.013344746393462023
0.15,8,full_sparse_minus_dense,output_mae,0.0,0.0817191251553595,,0.0817191251553595,0.07699308265000582,0.0864451676607132
0.15,8,full_sparse_minus_dense,output_cosine,1.0,0.9683525289098422,-3.1647471090157753,-0.03164747109015781,-0.03799395263195038,-0.025300989548365238
0.15,8,full_sparse_minus_dense,output_relative_rmse,0.0,0.24780935607850552,,0.24780935607850552,0.22056371346116066,0.2750549986958504
0.7,3,local_correction,self_mass,0.0213300442264881,0.011130812708870508,-47.81626990230039,-0.01019923151761759,-0.010844418381263193,-0.009554044653971989
0.7,3,local_correction,output_mse,0.007202661489524568,0.007428307561591889,3.1328151738839294,0.00022564607206732035,0.0002028666203841567,0.000248425523750484
0.7,3,local_correction,output_mae,0.05977724647770326,0.060363906901329756,0.9814109183589048,0.0005866604236265012,0.0005123919496933596,0.0006609288975596428
0.7,3,local_correction,output_cosine,0.9656646425525348,0.9647182722886403,-0.09800195867097905,-0.000946370263894436,-0.0011065552632014697,-0.0007861852645874023
0.7,3,local_correction,output_relative_rmse,0.27095975168049335,0.273512634759148,0.9421632042477368,0.0025528830786546164,0.002026990056037903,0.00307877610127133
0.7,3,full_correction,self_mass,0.0213300442264881,0.011130812708870508,-47.81626990230039,-0.01019923151761759,-0.010844418381263193,-0.009554044653971989
0.7,3,full_correction,output_mse,0.007202661489524568,0.007428307561591889,3.1328151738839294,0.00022564607206732035,0.0002028666203841567,0.000248425523750484
0.7,3,full_correction,output_mae,0.05977724647770326,0.060363906901329756,0.9814109183589048,0.0005866604236265012,0.0005123919496933596,0.0006609288975596428
0.7,3,full_correction,output_cosine,0.9656646425525348,0.9647182722886403,-0.09800195867097905,-0.000946370263894436,-0.0011065552632014697,-0.0007861852645874023
0.7,3,full_correction,output_relative_rmse,0.27095975168049335,0.273512634759148,0.9421632042477368,0.0025528830786546164,0.002026990056037903,0.00307877610127133
0.7,3,local_sparse_minus_dense,self_mass,0.010954538379640628,0.0213300442264881,94.7142224279454,0.01037550584684747,0.009572982458242525,0.011178029235452415
0.7,3,local_sparse_minus_dense,output_mse,0.0,0.007202661489524568,,0.007202661489524568,0.006880349867666761,0.0075249731113823754
0.7,3,local_sparse_minus_dense,output_mae,0.0,0.05977724647770326,,0.05977724647770326,0.058566673658788204,0.060987819296618305
0.7,3,local_sparse_minus_dense,output_cosine,1.0,0.9656646425525348,-3.4335357447465187,-0.03433535744746524,-0.040376658240954044,-0.02829405665397644
0.7,3,local_sparse_minus_dense,output_relative_rmse,0.0,0.27095975168049335,,0.27095975168049335,0.25479500368237495,0.28712449967861176
0.7,3,full_sparse_minus_dense,self_mass,0.010954538379640628,0.0213300442264881,94.7142224279454,0.01037550584684747,0.009572982458242525,0.011178029235452415
0.7,3,full_sparse_minus_dense,output_mse,0.0,0.007202661489524568,,0.007202661489524568,0.006880349867666761,0.0075249731113823754
0.7,3,full_sparse_minus_dense,output_mae,0.0,0.05977724647770326,,0.05977724647770326,0.058566673658788204,0.060987819296618305
0.7,3,full_sparse_minus_dense,output_cosine,1.0,0.9656646425525348,-3.4335357447465187,-0.03433535744746524,-0.040376658240954044,-0.02829405665397644
0.7,3,full_sparse_minus_dense,output_relative_rmse,0.0,0.27095975168049335,,0.27095975168049335,0.25479500368237495,0.28712449967861176
0.7,4,local_correction,self_mass,0.02509254515947153,0.012910293987564122,-48.54928463607466,-0.012182251171907408,-0.013165740063413976,-0.01119876228040084
0.7,4,local_correction,output_mse,0.014420177515906591,0.014722091708487522,2.093692620967369,0.000301914192580929,0.0002929224089408926,0.0003109059762209654
0.7,4,local_correction,output_mae,0.08456528993944327,0.08522711244101326,0.7826171967765028,0.0006618225015699863,0.0006396723911166191,0.0006839726120233536
0.7,4,local_correction,output_cosine,0.9597460404038429,0.9586420605580013,-0.11502833034634508,-0.0011039798458417072,-0.0012642890214920044,-0.0009436706701914099
0.7,4,local_correction,output_relative_rmse,0.2827613285432259,0.2853800964852174,0.9261407687830792,0.002618767941991479,0.0023925118148326874,0.0028450240691502704
0.7,4,full_correction,self_mass,0.02505377563647926,0.013100455495684097,-47.710653732328744,-0.011953320140795162,-0.012785802323681613,-0.01112083795790871
0.7,4,full_correction,output_mse,0.012405294604832307,0.012928267319997152,4.215721849613541,0.0005229727151648458,0.0004097234923392534,0.0006362219379904381
0.7,4,full_correction,output_mae,0.0772726914534966,0.0788179497855405,1.9997470037314002,0.0015452583320438931,0.001128170949717372,0.0019623457143704143
0.7,4,full_correction,output_cosine,0.9672573159138362,0.9661253442366917,-0.11702901167256474,-0.0011319716771444055,-0.001241832971572876,-0.001022110382715935
0.7,4,full_correction,output_relative_rmse,0.2540226678053538,0.25902630388736725,1.9697596774503223,0.0050036360820134435,0.0032670746246973303,0.0067401975393295566
0.7,4,local_sparse_minus_dense,self_mass,0.012643092981306836,0.02509254515947153,98.4684063984308,0.012449452178164695,0.01140466670040041,0.013494237655928979
0.7,4,local_sparse_minus_dense,output_mse,0.0,0.014420177515906591,,0.014420177515906591,0.013452548223237196,0.015387806808575988
0.7,4,local_sparse_minus_dense,output_mae,0.0,0.08456528993944327,,0.08456528993944327,0.08305156665543716,0.0860790132234494
0.7,4,local_sparse_minus_dense,output_cosine,1.0,0.9597460404038429,-4.025395959615707,-0.040253959596157074,-0.0454530964295069,-0.03505482276280725
0.7,4,local_sparse_minus_dense,output_relative_rmse,0.0,0.2827613285432259,,0.2827613285432259,0.27003665765126544,0.2954859994351864
0.7,4,full_sparse_minus_dense,self_mass,0.012643092981306836,0.02505377563647926,98.16176052427963,0.012410682655172423,0.01161030683821688,0.013211058472127965
0.7,4,full_sparse_minus_dense,output_mse,0.0,0.012405294604832307,,0.012405294604832307,0.011812276711377004,0.012998312498287609
0.7,4,full_sparse_minus_dense,output_mae,0.0,0.0772726914534966,,0.0772726914534966,0.07658176124095917,0.07796362166603406
0.7,4,full_sparse_minus_dense,output_cosine,1.0,0.9672573159138362,-3.2742684086163765,-0.03274268408616382,-0.03626062969366706,-0.029224738478660583
0.7,4,full_sparse_minus_dense,output_relative_rmse,0.0,0.2540226678053538,,0.2540226678053538,0.24453121672074,0.2635141188899676
0.7,5,local_correction,self_mass,0.029824148979969323,0.01572863302620438,-47.26208940021007,-0.014095515953764938,-0.015777298113486417,-0.012413733794043461
0.7,5,local_correction,output_mse,0.009865854313829914,0.010059999525158977,1.9678499717648457,0.00019414521132906336,0.00018350933290397185,0.00020478108975415486
0.7,5,local_correction,output_mae,0.07185708979765575,0.07239813869819045,0.7529513121923737,0.0005410489005347047,0.0005208294217785153,0.000561268379290894
0.7,5,local_correction,output_cosine,0.9758927524089813,0.9754293759663899,-0.04748231211345599,-0.0004633764425913678,-0.00053546329339349,-0.0003912895917892456
0.7,5,local_correction,output_relative_rmse,0.21285312964270514,0.21457615060110888,0.8094881955910127,0.001723020958403751,0.0016702283173799515,0.0017758135994275503
0.7,5,full_correction,self_mass,0.02973124710842967,0.016166462368952732,-45.62467457219758,-0.013564784739476938,-0.014891702798195183,-0.012237866680758694
0.7,5,full_correction,output_mse,0.009850474423728883,0.010952301556244493,11.185523510029217,0.0011018271325156093,0.0010301475025092568,0.0011735067625219617
0.7,5,full_correction,output_mae,0.07058831863105297,0.07425153022632003,5.189543633152294,0.0036632115952670574,0.003464567785461753,0.003861855405072362
0.7,5,full_correction,output_cosine,0.977770986656348,0.9760247841477394,-0.17859013331741336,-0.0017462025086085187,-0.001955216129620907,-0.0015371888875961304
0.7,5,full_correction,output_relative_rmse,0.20541497009495896,0.21704653277993202,5.662470792462715,0.011631562684973076,0.010985286285479873,0.01227783908446628
0.7,5,local_sparse_minus_dense,self_mass,0.01597615818415458,0.029824148979969323,86.67910417630571,0.013847990795814741,0.01203111372888088,0.0156648678627486
0.7,5,local_sparse_minus_dense,output_mse,0.0,0.009865854313829914,,0.009865854313829914,0.00892128178384155,0.010810426843818277
0.7,5,local_sparse_minus_dense,output_mae,0.0,0.07185708979765575,,0.07185708979765575,0.0686795540774862,0.07503462551782529
0.7,5,local_sparse_minus_dense,output_cosine,1.0,0.9758927524089813,-2.4107247591018677,-0.024107247591018677,-0.026731545726458195,-0.02148294945557916
0.7,5,local_sparse_minus_dense,output_relative_rmse,0.0,0.21285312964270514,,0.21285312964270514,0.20475459098815918,0.22095166829725107
0.7,5,full_sparse_minus_dense,self_mass,0.01597615818415458,0.02973124710842967,86.0976009734156,0.01375508892427509,0.01249227828035752,0.01501789956819266
0.7,5,full_sparse_minus_dense,output_mse,0.0,0.009850474423728883,,0.009850474423728883,0.009608446135340879,0.010092502712116888
0.7,5,full_sparse_minus_dense,output_mae,0.0,0.07058831863105297,,0.07058831863105297,0.07040876025954883,0.07076787700255711
0.7,5,full_sparse_minus_dense,output_cosine,1.0,0.977770986656348,-2.2229013343652015,-0.02222901334365207,-0.02267320454120636,-0.021784822146097782
0.7,5,full_sparse_minus_dense,output_relative_rmse,0.0,0.20541497009495896,,0.20541497009495896,0.20288509875535965,0.20794484143455824
0.7,6,local_correction,self_mass,0.022829922110152744,0.011859791542519815,-48.05154618882549,-0.010970130567632927,-0.012481916230171919,-0.009458344905093934
0.7,6,local_correction,output_mse,0.009584793083680173,0.009691226528957486,1.1104407194614918,0.00010643344527731325,3.7320152235527544e-05,0.00017554673831909895
0.7,6,local_correction,output_mae,0.07124465750530362,0.07155724335461855,0.43874988000560666,0.00031258584931492805,0.00017152975002923676,0.00045364194860061935
0.7,6,local_correction,output_cosine,0.9756190031766891,0.9753337502479553,-0.029238148068566616,-0.0002852529287338257,-0.00041096905867255007,-0.0001595367987951013
0.7,6,local_correction,output_relative_rmse,0.2095416740824779,0.2107359996686379,0.5699704325593524,0.0011943255861600055,0.0005079222222169055,0.0018807289501031055
0.7,6,full_correction,self_mass,0.02268802244604255,0.012224923887212451,-46.11727876994923,-0.010463098558830097,-0.011791108952214321,-0.009135088165445875
0.7,6,full_correction,output_mse,0.008492107066558674,0.009280422294978052,9.282916739518154,0.0007883152284193784,0.0007190594333223999,0.0008575710235163569
0.7,6,full_correction,output_mae,0.06773366391037902,0.07116476291169724,5.065574196396683,0.0034310990013182163,0.0031168218702077866,0.003745376132428646
0.7,6,full_correction,output_cosine,0.9797729998826981,0.9780664369463921,-0.17417942079546167,-0.0017065629363059998,-0.0022221853335698816,-0.001190940539042118
0.7,6,full_correction,output_relative_rmse,0.19848073832690716,0.20800155960023403,4.796848980703428,0.009520821273326874,0.007808116575082125,0.011233525971571623
0.7,6,local_sparse_minus_dense,self_mass,0.012069905681225162,0.022829922110152744,89.14747731347128,0.010760016428927582,0.009159555406464886,0.012360477451390276
0.7,6,local_sparse_minus_dense,output_mse,0.0,0.009584793083680173,,0.009584793083680173,0.00685851175027589,0.012311074417084455
0.7,6,local_sparse_minus_dense,output_mae,0.0,0.07124465750530362,,0.07124465750530362,0.06343830625216167,0.07905100875844558
0.7,6,local_sparse_minus_dense,output_cosine,1.0,0.9756190031766891,-2.438099682331085,-0.024380996823310852,-0.0298357754945755,-0.018926218152046204
0.7,6,local_sparse_minus_dense,output_relative_rmse,0.0,0.2095416740824779,,0.2095416740824779,0.18753703807791075,0.23154631008704504
0.7,6,full_sparse_minus_dense,self_mass,0.012069905681225162,0.02268802244604255,87.97182882161172,0.010618116764817387,0.009002248038693022,0.012233985490941754
0.7,6,full_sparse_minus_dense,output_mse,0.0,0.008492107066558674,,0.008492107066558674,0.00792221212759614,0.009062002005521208
0.7,6,full_sparse_minus_dense,output_mae,0.0,0.06773366391037902,,0.06773366391037902,0.06644598084191482,0.06902134697884321
0.7,6,full_sparse_minus_dense,output_cosine,1.0,0.9797729998826981,-2.022700011730194,-0.02022700011730194,-0.020820870995521545,-0.019633129239082336
0.7,6,full_sparse_minus_dense,output_relative_rmse,0.0,0.19848073832690716,,0.19848073832690716,0.1969218042989572,0.20003967235485712
0.7,7,local_correction,self_mass,0.01720939957400939,0.008932072392781265,-48.09771047288025,-0.008277327181228126,-0.00909663147952718,-0.007458022882929072
0.7,7,local_correction,output_mse,0.007854420352183904,0.007981394718323523,1.6165975392991694,0.0001269743661396201,0.00011309348822881662,0.0001408552440504236
0.7,7,local_correction,output_mae,0.06349804749091466,0.06394732262318333,0.7075416489506159,0.0004492751322686672,0.0004160379370053563,0.00048251232753197815
0.7,7,local_correction,output_cosine,0.9804481565952301,0.9801280051469803,-0.03265358255775119,-0.0003201514482498169,-0.00035742421944939817,-0.0002828786770502356
0.7,7,local_correction,output_relative_rmse,0.19181499506036442,0.19315249472856522,0.6972862928572798,0.0013374996682008061,0.0011547282338142395,0.0015202711025873727
0.7,7,full_correction,self_mass,0.017375233757775277,0.009222958443084888,-46.91893892387095,-0.008152275314690389,-0.008901740875444373,-0.007402809753936406
0.7,7,full_correction,output_mse,0.0076030552154406905,0.008667741717848305,14.003403529746716,0.0010646865024076147,0.0009837515341738854,0.001145621470641344
0.7,7,full_correction,output_mae,0.06299923344825704,0.06732077446455756,6.859672379743964,0.004321541016300518,0.004052670051654175,0.004590411980946861
0.7,7,full_correction,output_cosine,0.9815339396397273,0.9798778270681698,-0.1687269797481905,-0.0016561125715573999,-0.00221996009349823,-0.0010922650496165698
0.7,7,full_correction,output_relative_rmse,0.19116451715429625,0.2047399766743183,7.101453618123488,0.013575459520022065,0.011814557015895844,0.015336362024148287
0.7,7,local_sparse_minus_dense,self_mass,0.009094812727804916,0.01720939957400939,89.22214331468675,0.008114586846204475,0.007080731932849934,0.009148441759559015
0.7,7,local_sparse_minus_dense,output_mse,0.0,0.007854420352183904,,0.007854420352183904,0.00607904844218865,0.009629792262179157
0.7,7,local_sparse_minus_dense,output_mae,0.0,0.06349804749091466,,0.06349804749091466,0.05681432752559582,0.0701817674562335
0.7,7,local_sparse_minus_dense,output_cosine,1.0,0.9804481565952301,-1.9551843404769897,-0.019551843404769897,-0.023718108733495114,-0.015385578076044681
0.7,7,local_sparse_minus_dense,output_relative_rmse,0.0,0.19181499506036442,,0.19181499506036442,0.17794281616806984,0.20568717395265898
0.7,7,full_sparse_minus_dense,self_mass,0.009094812727804916,0.017375233757775277,91.04553637102637,0.008280421029970361,0.007298555050510915,0.009262287009429807
0.7,7,full_sparse_minus_dense,output_mse,0.0,0.0076030552154406905,,0.0076030552154406905,0.007160354095200698,0.008045756335680684
0.7,7,full_sparse_minus_dense,output_mae,0.0,0.06299923344825704,,0.06299923344825704,0.060716562593976654,0.06528190430253744
0.7,7,full_sparse_minus_dense,output_cosine,1.0,0.9815339396397273,-1.8466060360272651,-0.018466060360272707,-0.01879030466079712,-0.018141816059748295
0.7,7,full_sparse_minus_dense,output_relative_rmse,0.0,0.19116451715429625,,0.19116451715429625,0.18954657514890036,0.19278245915969214
0.7,8,local_correction,self_mass,0.025837322774653632,0.013560691353632137,-47.5151064531533,-0.012276631421021495,-0.013842823759963114,-0.010710439082079876
0.7,8,local_correction,output_mse,0.00923495758130836,0.009495745839861531,2.8239248123998806,0.000260788258553172,0.00020514869053537676,0.00031642782657096725
0.7,8,local_correction,output_mae,0.06970061749840775,0.07041368462766211,1.0230427718529889,0.0007130671292543481,0.0006583876286943846,0.0007677466298143115
0.7,8,local_correction,output_cosine,0.9785491824150085,0.9780367563168209,-0.05236590121336926,-0.000512426098187746,-0.0006372382243474695,-0.0003876139720280225
0.7,8,local_correction,output_relative_rmse,0.20536058582365513,0.2078121087203423,1.1937650483683004,0.0024515228966871805,0.0024068268636862344,0.0024962189296881265
0.7,8,full_correction,self_mass,0.025899048167048022,0.013955450374245022,-46.11597196841822,-0.011943597792803,-0.013363389802786212,-0.010523805782819787
0.7,8,full_correction,output_mse,0.00972919428992706,0.011029999528545886,13.370122950115103,0.0013008052386188265,0.001223928275673341,0.001377682201564312
0.7,8,full_correction,output_mae,0.0707590797295173,0.07549337452898423,6.690724098679901,0.004734294799466937,0.004462310423453658,0.005006279175480216
0.7,8,full_correction,output_cosine,0.9783432434002558,0.9760840882857641,-0.23091641197826585,-0.0022591551144917066,-0.0023107131322224195,-0.0022075970967609937
0.7,8,full_correction,output_relative_rmse,0.20897974135975045,0.22350702993571758,6.951529598727446,0.014527288575967148,0.01410494496424991,0.014949632187684386
0.7,8,local_sparse_minus_dense,self_mass,0.013395497405629914,0.025837322774653632,92.88065229884346,0.012441825369023718,0.01088271503491948,0.014000935703127954
0.7,8,local_sparse_minus_dense,output_mse,0.0,0.00923495758130836,,0.00923495758130836,0.007572139283486952,0.010897775879129767
0.7,8,local_sparse_minus_dense,output_mae,0.0,0.06970061749840775,,0.06970061749840775,0.06326389809449513,0.07613733690232038
0.7,8,local_sparse_minus_dense,output_cosine,1.0,0.9785491824150085,-2.1450817584991455,-0.021450817584991455,-0.024885321656862858,-0.018016313513120052
0.7,8,local_sparse_minus_dense,output_relative_rmse,0.0,0.20536058582365513,,0.20536058582365513,0.1899191066622734,0.22080206498503685
0.7,8,full_sparse_minus_dense,self_mass,0.013395497405629914,0.025899048167048022,93.34144438834397,0.012503550761418108,0.011372544841530422,0.013634556681305792
0.7,8,full_sparse_minus_dense,output_mse,0.0,0.00972919428992706,,0.00972919428992706,0.009725792896157751,0.009732595683696369
0.7,8,full_sparse_minus_dense,output_mae,0.0,0.0707590797295173,,0.0707590797295173,0.06961905335386594,0.07189910610516866
0.7,8,full_sparse_minus_dense,output_cosine,1.0,0.9783432434002558,-2.16567565997442,-0.021656756599744198,-0.023255472381909725,-0.02005804081757867
0.7,8,full_sparse_minus_dense,output_relative_rmse,0.0,0.20897974135975045,,0.20897974135975045,0.2046686646838983,0.21329081803560257
