t,mode,metric,mean,ci95_low,ci95_high
0.15,dense,fm_mse,0.7970423400402069,0.6430939435958862,0.9509907364845276
0.15,dense,dense_prediction_mse,0.0,0.0,0.0
0.15,full_sparse,fm_mse,0.7978443801403046,0.6452804207801819,0.9504083395004272
0.15,full_sparse,dense_prediction_mse,0.006673716241493821,0.006397767458111048,0.0069496650248765945
0.15,full_corrected,fm_mse,0.7982529401779175,0.6463704109191895,0.9501354694366455
0.15,full_corrected,dense_prediction_mse,0.0065284783486276865,0.00632227910682559,0.006734677590429783
0.7,dense,fm_mse,0.5367268472909927,0.41156354546546936,0.6618901491165161
0.7,dense,dense_prediction_mse,0.0,0.0,0.0
0.7,full_sparse,fm_mse,0.5319338142871857,0.4095346927642822,0.6543329358100891
0.7,full_sparse,dense_prediction_mse,0.0027218859177082777,0.002463073469698429,0.0029806983657181263
0.7,full_corrected,fm_mse,0.5311819165945053,0.4090891182422638,0.6532747149467468
0.7,full_corrected,dense_prediction_mse,0.0026582954451441765,0.0024873199872672558,0.002829270903021097
