head,sparse_mse,corrected_mse,relative_change_pct,mean,ci95_low,ci95_high
0,0.00472531338794267,0.004681556667622187,-0.9260067370798208,-4.3756720320483795e-05,-5.6091003510313665e-05,-3.1635421498776885e-05
1,0.003985833453888128,0.004016107831765632,0.7595494951745163,3.027437787750387e-05,2.4217870720479247e-05,3.636122121081695e-05
2,0.0032492788873891448,0.003264647221970206,0.4729767777308158,1.536833458106097e-05,1.2878512593163444e-05,1.7908933669527202e-05
3,0.0032149556669927343,0.0032215914377827304,0.20640318179576678,6.635770789996205e-06,5.240290881504602e-06,8.061623699567071e-06
4,0.00388264635109538,0.003906297463994893,0.6091492956302957,2.3651112899512636e-05,1.9017699022632324e-05,2.8089701096892562e-05
5,0.010116448241985512,0.010276768397229068,1.584747447015955,0.00016032015524355557,0.00014437348385334709,0.0001770655867176173
6,0.003273255881270286,0.0032878231527320168,0.4450391900335582,1.4567271461731111e-05,1.0890688202737559e-05,1.8214724147063415e-05
7,0.00468565636067199,0.00471776594054063,0.6852738954171711,3.210957986863964e-05,2.716692530871769e-05,3.708352799744074e-05
8,0.004321637786948226,0.0043360376224492415,0.333203202371668,1.439983550101582e-05,1.1631732261970889e-05,1.737939548515242e-05
9,0.01565749913061154,0.016367633411781365,4.535425965832962,0.0007101342811698227,0.0006698847411111535,0.0007526108154382072
10,0.0032977426501799656,0.0033030347153726325,0.16047538434746933,5.2920651926667535e-06,4.308123733868113e-06,6.231312111789833e-06
11,0.017548985347665233,0.018392589209595047,4.807137536541672,0.0008436038619298158,0.0008033319800883227,0.0008852905253076776
