sample_id,dataset_index,file,label
0,253231,00253/img-mean-std-00253231.npy,198
1,1257555,01257/img-mean-std-01257555.npy,981
2,275100,00275/img-mean-std-00275100.npy,215
3,82055,00082/img-mean-std-00082055.npy,63
4,92979,00092/img-mean-std-00092979.npy,71
5,539608,00539/img-mean-std-00539608.npy,420
6,1267960,01267/img-mean-std-01267960.npy,989
7,293123,00293/img-mean-std-00293123.npy,229
8,1267796,01267/img-mean-std-01267796.npy,989
9,859237,00859/img-mean-std-00859237.npy,669
10,605762,00605/img-mean-std-00605762.npy,471
11,1201589,01201/img-mean-std-01201589.npy,938
12,165591,00165/img-mean-std-00165591.npy,127
13,211183,00211/img-mean-std-00211183.npy,163
14,1176244,01176/img-mean-std-01176244.npy,918
15,612425,00612/img-mean-std-00612425.npy,476
16,835292,00835/img-mean-std-00835292.npy,650
17,395479,00395/img-mean-std-00395479.npy,309
18,433079,00433/img-mean-std-00433079.npy,338
19,592896,00592/img-mean-std-00592896.npy,461
20,145492,00145/img-mean-std-00145492.npy,112
21,70133,00070/img-mean-std-00070133.npy,54
22,1225511,01225/img-mean-std-01225511.npy,957
23,827248,00827/img-mean-std-00827248.npy,644
24,805620,00805/img-mean-std-00805620.npy,627
25,338649,00338/img-mean-std-00338649.npy,264
26,1270412,01270/img-mean-std-01270412.npy,991
27,1017072,01017/img-mean-std-01017072.npy,793
28,343212,00343/img-mean-std-00343212.npy,268
29,857426,00857/img-mean-std-00857426.npy,668
30,540772,00540/img-mean-std-00540772.npy,421
31,1069915,01069/img-mean-std-01069915.npy,835
32,715633,00715/img-mean-std-00715633.npy,557
33,993222,00993/img-mean-std-00993222.npy,775
34,735558,00735/img-mean-std-00735558.npy,572
35,402749,00402/img-mean-std-00402749.npy,314
36,300649,00300/img-mean-std-00300649.npy,235
37,1124677,01124/img-mean-std-01124677.npy,878
38,720841,00720/img-mean-std-00720841.npy,561
39,276801,00276/img-mean-std-00276801.npy,216
40,1092060,01092/img-mean-std-01092060.npy,852
41,359776,00359/img-mean-std-00359776.npy,281
42,522292,00522/img-mean-std-00522292.npy,407
43,677485,00677/img-mean-std-00677485.npy,527
44,1259093,01259/img-mean-std-01259093.npy,983
45,754398,00754/img-mean-std-00754398.npy,587
46,689457,00689/img-mean-std-00689457.npy,537
47,355942,00355/img-mean-std-00355942.npy,278
48,358763,00358/img-mean-std-00358763.npy,280
49,50864,00050/img-mean-std-00050864.npy,39
50,1255093,01255/img-mean-std-01255093.npy,979
51,1051247,01051/img-mean-std-01051247.npy,820
52,110373,00110/img-mean-std-00110373.npy,85
53,1249938,01249/img-mean-std-01249938.npy,975
54,1227999,01227/img-mean-std-01227999.npy,959
55,1258468,01258/img-mean-std-01258468.npy,982
56,389151,00389/img-mean-std-00389151.npy,304
57,1070141,01070/img-mean-std-01070141.npy,835
58,467131,00467/img-mean-std-00467131.npy,364
59,295240,00295/img-mean-std-00295240.npy,231
60,384747,00384/img-mean-std-00384747.npy,300
61,729456,00729/img-mean-std-00729456.npy,568
62,162552,00162/img-mean-std-00162552.npy,125
63,601640,00601/img-mean-std-00601640.npy,468
64,52940,00052/img-mean-std-00052940.npy,40
65,370708,00370/img-mean-std-00370708.npy,290
66,400419,00400/img-mean-std-00400419.npy,312
67,179145,00179/img-mean-std-00179145.npy,138
68,10102,00010/img-mean-std-00010102.npy,7
69,45197,00045/img-mean-std-00045197.npy,34
70,226261,00226/img-mean-std-00226261.npy,177
71,604889,00604/img-mean-std-00604889.npy,470
72,1055121,01055/img-mean-std-01055121.npy,823
73,1080491,01080/img-mean-std-01080491.npy,843
74,405616,00405/img-mean-std-00405616.npy,316
75,77140,00077/img-mean-std-00077140.npy,59
76,1157993,01157/img-mean-std-01157993.npy,904
77,965027,00965/img-mean-std-00965027.npy,753
78,310016,00310/img-mean-std-00310016.npy,242
79,1222920,01222/img-mean-std-01222920.npy,955
80,616351,00616/img-mean-std-00616351.npy,479
81,1042126,01042/img-mean-std-01042126.npy,813
82,35093,00035/img-mean-std-00035093.npy,26
83,509729,00509/img-mean-std-00509729.npy,397
84,1101470,01101/img-mean-std-01101470.npy,860
85,189329,00189/img-mean-std-00189329.npy,146
86,966541,00966/img-mean-std-00966541.npy,754
87,1262688,01262/img-mean-std-01262688.npy,985
88,585739,00585/img-mean-std-00585739.npy,456
89,905407,00905/img-mean-std-00905407.npy,705
90,349428,00349/img-mean-std-00349428.npy,273
91,712406,00712/img-mean-std-00712406.npy,555
92,8496,00008/img-mean-std-00008496.npy,6
93,809700,00809/img-mean-std-00809700.npy,631
94,606084,00606/img-mean-std-00606084.npy,471
95,1058241,01058/img-mean-std-01058241.npy,826
96,94812,00094/img-mean-std-00094812.npy,73
97,496219,00496/img-mean-std-00496219.npy,386
98,1220553,01220/img-mean-std-01220553.npy,953
99,1176263,01176/img-mean-std-01176263.npy,918
100,454404,00454/img-mean-std-00454404.npy,354
101,420519,00420/img-mean-std-00420519.npy,328
102,992501,00992/img-mean-std-00992501.npy,774
103,763823,00763/img-mean-std-00763823.npy,595
104,150160,00150/img-mean-std-00150160.npy,115
105,580447,00580/img-mean-std-00580447.npy,451
106,482901,00482/img-mean-std-00482901.npy,376
107,711934,00711/img-mean-std-00711934.npy,554
108,486119,00486/img-mean-std-00486119.npy,378
109,174655,00174/img-mean-std-00174655.npy,134
110,335612,00335/img-mean-std-00335612.npy,262
111,647583,00647/img-mean-std-00647583.npy,504
112,905315,00905/img-mean-std-00905315.npy,705
113,1163713,01163/img-mean-std-01163713.npy,909
114,835047,00835/img-mean-std-00835047.npy,650
115,1124166,01124/img-mean-std-01124166.npy,878
116,1256762,01256/img-mean-std-01256762.npy,981
117,227273,00227/img-mean-std-00227273.npy,177
118,981359,00981/img-mean-std-00981359.npy,766
119,565036,00565/img-mean-std-00565036.npy,440
120,1182106,01182/img-mean-std-01182106.npy,923
121,971830,00971/img-mean-std-00971830.npy,758
122,250802,00250/img-mean-std-00250802.npy,196
123,665026,00665/img-mean-std-00665026.npy,517
124,902064,00902/img-mean-std-00902064.npy,703
125,839400,00839/img-mean-std-00839400.npy,654
126,550904,00550/img-mean-std-00550904.npy,429
127,407008,00407/img-mean-std-00407008.npy,317
