t,layer,mode,metric,mean,ci95_low,ci95_high
0.05,3,dense,self_mass,0.018496436179930242,0.01790833118956243,0.019086654142422315
0.05,3,dense,output_mse,0.0,0.0,0.0
0.05,3,dense,output_mae,0.0,0.0,0.0
0.05,3,dense,output_cosine,1.0,1.0,1.0
0.05,3,dense,output_relative_rmse,0.0,0.0,0.0
0.05,3,local_sparse,self_mass,0.03573371785508546,0.03465018514252354,0.03684320575687821
0.05,3,local_sparse,output_mse,0.0063924791139318895,0.006195912314461794,0.006585290412066532
0.05,3,local_sparse,output_mae,0.056539574110502144,0.05572637293589651,0.05734680748272088
0.05,3,local_sparse,output_cosine,0.9675270014558919,0.9662516714801314,0.9687876855241483
0.05,3,local_sparse,output_relative_rmse,0.2604700677353927,0.25488895265164807,0.26613210180997454
0.05,3,local_corrected,self_mass,0.019099894674127427,0.018495378937961958,0.019732423477022587
0.05,3,local_corrected,output_mse,0.006476692422438646,0.0062767145144410575,0.006670106371617142
0.05,3,local_corrected,output_mae,0.05669633115758188,0.05588327645950812,0.05750923555791208
0.05,3,local_corrected,output_cosine,0.9667732199110712,0.9654623369666904,0.9680683680213406
0.05,3,local_corrected,output_relative_rmse,0.26134665927869116,0.2557487213690063,0.26700272018024407
0.05,3,full_sparse,self_mass,0.03573371789616431,0.03465018521305296,0.03684320572100622
0.05,3,full_sparse,output_mse,0.006392479073345688,0.0061959122668099565,0.006585290359675848
0.05,3,full_sparse,output_mae,0.05653957397104629,0.05572637266174449,0.05734680742230012
0.05,3,full_sparse,output_cosine,0.9675270013200741,0.9662516721737726,0.9687876844851416
0.05,3,full_sparse,output_relative_rmse,0.26047006753166596,0.25488895299992387,0.266132101339402
0.05,3,full_corrected,self_mass,0.019099894672687395,0.01849537901847593,0.019732423409704814
0.05,3,full_corrected,output_mse,0.0064766923972759596,0.006276714527936633,0.006670106339512927
0.05,3,full_corrected,output_mae,0.05669633097568294,0.055883276209897303,0.05750923527181536
0.05,3,full_corrected,output_cosine,0.9667732188245282,0.9654623348392003,0.9680683674208316
0.05,3,full_corrected,output_relative_rmse,0.2613466592762658,0.25574872107020685,0.26700272044048085
0.05,4,dense,self_mass,0.035604481705907645,0.03463466119175299,0.036623324588991105
0.05,4,dense,output_mse,0.0,0.0,0.0
0.05,4,dense,output_mae,0.0,0.0,0.0
0.05,4,dense,output_cosine,1.0,1.0,1.0
0.05,4,dense,output_relative_rmse,0.0,0.0,0.0
0.05,4,local_sparse,self_mass,0.070021123111322,0.06818054929375422,0.07190252082009464
0.05,4,local_sparse,output_mse,0.02308626174328765,0.022412903460097288,0.023755708273446884
0.05,4,local_sparse,output_mae,0.1050022484838943,0.1034644168232262,0.10647011549684368
0.05,4,local_sparse,output_cosine,0.9462476367868172,0.9444995420063302,0.9478650515899061
0.05,4,local_sparse,output_relative_rmse,0.33002922732218093,0.32456766846801965,0.3357027526601693
0.05,4,local_corrected,self_mass,0.038417256571165126,0.0373254950041769,0.039545440969855385
0.05,4,local_corrected,output_mse,0.02356814799062098,0.02288866034776902,0.024250187149040887
0.05,4,local_corrected,output_mae,0.10591948247504963,0.10436154562376031,0.10739293533567129
0.05,4,local_corrected,output_cosine,0.9441965498651067,0.942378878214125,0.9458735348845947
0.05,4,local_corrected,output_relative_rmse,0.33303816356055904,0.3275737857654045,0.33872551620873614
0.05,4,full_sparse,self_mass,0.07004735536293083,0.06821255762542554,0.07195681196066062
0.05,4,full_sparse,output_mse,0.021450005215569945,0.020807206069294655,0.02207595318335696
0.05,4,full_sparse,output_mae,0.09946543140843761,0.09801433818405106,0.10084854858165879
0.05,4,full_sparse,output_cosine,0.9505846039004003,0.9489604156216955,0.9520538043686733
0.05,4,full_sparse,output_relative_rmse,0.31184459758515004,0.30670668117836614,0.3170256565739692
0.05,4,full_corrected,self_mass,0.03987149145223157,0.038699596580185396,0.04108692127503369
0.05,4,full_corrected,output_mse,0.022407673629610752,0.021752573989798903,0.023068357138292108
0.05,4,full_corrected,output_mae,0.10177467131203835,0.10029171657527818,0.10319948972234366
0.05,4,full_corrected,output_cosine,0.9485097040887922,0.9468266066071617,0.950033067590751
0.05,4,full_corrected,output_relative_rmse,0.3185638035016988,0.3133743776215852,0.32385080793180054
0.05,5,dense,self_mass,0.038542098324796825,0.03722641633413938,0.03985523832663678
0.05,5,dense,output_mse,0.0,0.0,0.0
0.05,5,dense,output_mae,0.0,0.0,0.0
0.05,5,dense,output_cosine,1.0,1.0,1.0
0.05,5,dense,output_relative_rmse,0.0,0.0,0.0
0.05,5,local_sparse,self_mass,0.07286915494326725,0.07051032461830951,0.07523670494947511
0.05,5,local_sparse,output_mse,0.018686963160462255,0.018054645508417858,0.019353455944085832
0.05,5,local_sparse,output_mae,0.09363971151833539,0.09217137469795487,0.09516595379630721
0.05,5,local_sparse,output_cosine,0.9608679106847073,0.9595345770280499,0.9621462774700679
0.05,5,local_sparse,output_relative_rmse,0.2801720898205531,0.2750688240879147,0.28541086951748484
0.05,5,local_corrected,self_mass,0.04133897188315434,0.039845254083532684,0.042831382975267236
0.05,5,local_corrected,output_mse,0.019019402107308753,0.018374668544339556,0.019697566853174444
0.05,5,local_corrected,output_mae,0.09433240019401032,0.09283765365786774,0.09587534501033587
0.05,5,local_corrected,output_cosine,0.9594646609427098,0.9580670467801004,0.9608079223539486
0.05,5,local_corrected,output_relative_rmse,0.28207547310739756,0.2769699034527245,0.2872375119810992
0.05,5,full_sparse,self_mass,0.07229424517026928,0.06997957308748634,0.07458870155322377
0.05,5,full_sparse,output_mse,0.017086678736291105,0.016479381618252846,0.01772372815776464
0.05,5,full_sparse,output_mae,0.08827173315269951,0.08680708700154961,0.08982382773941329
0.05,5,full_sparse,output_cosine,0.9646974613812442,0.9633994737644874,0.96591116014024
0.05,5,full_sparse,output_relative_rmse,0.26197791947925,0.25710563576770556,0.26698363711996836
0.05,5,full_corrected,self_mass,0.04237916330612279,0.04086759255416913,0.04390449057209859
0.05,5,full_corrected,output_mse,0.01839288228673771,0.017738266467375752,0.019082391351351664
0.05,5,full_corrected,output_mae,0.09176430915249512,0.09021066162949865,0.09340306961842845
0.05,5,full_corrected,output_cosine,0.962535650760401,0.9611788841231221,0.963816130173897
0.05,5,full_corrected,output_relative_rmse,0.2719401470991822,0.2668678174023929,0.27707234696984717
0.05,6,dense,self_mass,0.04248569344827047,0.040722219345991566,0.04432763713184614
0.05,6,dense,output_mse,0.0,0.0,0.0
0.05,6,dense,output_mae,0.0,0.0,0.0
0.05,6,dense,output_cosine,1.0,1.0,1.0
0.05,6,dense,output_relative_rmse,0.0,0.0,0.0
0.05,6,local_sparse,self_mass,0.07949199080697629,0.07634113107225556,0.08273099316788073
0.05,6,local_sparse,output_mse,0.019413700913673893,0.01873044888770323,0.020115981796275637
0.05,6,local_sparse,output_mae,0.09799598038686479,0.09630337934358978,0.09972620850506549
0.05,6,local_sparse,output_cosine,0.965367344285672,0.9642420881519986,0.9664826512812095
0.05,6,local_sparse,output_relative_rmse,0.26740699587389827,0.2626941805570823,0.2721810607759835
0.05,6,local_corrected,self_mass,0.04520946565169955,0.0432587654608767,0.047231838158851736
0.05,6,local_corrected,output_mse,0.019656882478557236,0.018956902964157505,0.020378827011692618
0.05,6,local_corrected,output_mae,0.09833412053073212,0.09664824724234981,0.10007821093049643
0.05,6,local_corrected,output_cosine,0.9640974107702884,0.9628962875586391,0.9652746247549658
0.05,6,local_corrected,output_relative_rmse,0.2686075778522839,0.2638764366814333,0.27333462793333935
0.05,6,full_sparse,self_mass,0.07817608192150752,0.0751156553389213,0.08137522855125401
0.05,6,full_sparse,output_mse,0.017899586015801106,0.017223483592310157,0.01859261346831052
0.05,6,full_sparse,output_mae,0.09290517371967628,0.09120579791970158,0.09468258291647846
0.05,6,full_sparse,output_cosine,0.9685952668272269,0.9674820536650562,0.9696891678191605
0.05,6,full_sparse,output_relative_rmse,0.2504790978928213,0.2458896940427318,0.2552907989516219
0.05,6,full_corrected,self_mass,0.046020759717142326,0.04405860181432217,0.04805554779226971
0.05,6,full_corrected,output_mse,0.019647597720298414,0.01889599669012985,0.020428023055160338
0.05,6,full_corrected,output_mae,0.09733291680216401,0.09547214569738571,0.09920867265770236
0.05,6,full_corrected,output_cosine,0.966282018305113,0.965082874702542,0.967455300684378
0.05,6,full_corrected,output_relative_rmse,0.262392060625037,0.2575622841518756,0.2674076445887598
0.05,7,dense,self_mass,0.025306096563288825,0.024613184206324,0.02599199062491569
0.05,7,dense,output_mse,0.0,0.0,0.0
0.05,7,dense,output_mae,0.0,0.0,0.0
0.05,7,dense,output_cosine,1.0,1.0,1.0
0.05,7,dense,output_relative_rmse,0.0,0.0,0.0
0.05,7,local_sparse,self_mass,0.048793284366638545,0.047534651936007324,0.05003825858289115
0.05,7,local_sparse,output_mse,0.010591701008441609,0.010326607950947657,0.010867590383803834
0.05,7,local_sparse,output_mae,0.0752641577837494,0.07432184441612057,0.07622800187643103
0.05,7,local_sparse,output_cosine,0.9607252745772712,0.9592385842571578,0.9621547793518402
0.05,7,local_sparse,output_relative_rmse,0.2823591576646625,0.2766421601290252,0.28815525816935406
0.05,7,local_corrected,self_mass,0.026356078171033914,0.025631904261333698,0.02705710010440517
0.05,7,local_corrected,output_mse,0.010752855430534208,0.01048005214465017,0.011036725308252927
0.05,7,local_corrected,output_mae,0.0756252772443986,0.07467243877160097,0.07658949347281427
0.05,7,local_corrected,output_cosine,0.9596214501264815,0.9580824789018757,0.9610914658701707
0.05,7,local_corrected,output_relative_rmse,0.2839264423091663,0.27819480033455574,0.2897294043951357
0.05,7,full_sparse,self_mass,0.04812846532994779,0.046886899782541035,0.04932775655566672
0.05,7,full_sparse,output_mse,0.009608619770157627,0.009328331752872525,0.009906243067314335
0.05,7,full_sparse,output_mae,0.0711850944935577,0.07017277038891431,0.07224341560959145
0.05,7,full_sparse,output_cosine,0.9638033952602807,0.9622713176097021,0.9652525552378697
0.05,7,full_sparse,output_relative_rmse,0.264877412567633,0.2593343244116113,0.27099309431881313
0.05,7,full_corrected,self_mass,0.02676490894854548,0.026024536152498473,0.027482232622727077
0.05,7,full_corrected,output_mse,0.010975086958599908,0.010664680570766905,0.011298307817245739
0.05,7,full_corrected,output_mae,0.07578924371894877,0.07468631507996785,0.07687791297509344
0.05,7,full_corrected,output_cosine,0.9608720411585333,0.9592431748038507,0.9624088615896955
0.05,7,full_corrected,output_relative_rmse,0.2826693194510881,0.276576319841115,0.28894281703790814
0.05,8,dense,self_mass,0.03836190713203298,0.037010776171178844,0.03971981798713197
0.05,8,dense,output_mse,0.0,0.0,0.0
0.05,8,dense,output_mae,0.0,0.0,0.0
0.05,8,dense,output_cosine,1.0,1.0,1.0
0.05,8,dense,output_relative_rmse,0.0,0.0,0.0
0.05,8,local_sparse,self_mass,0.07255588701612699,0.0701392319668931,0.07500319836070161
0.05,8,local_sparse,output_mse,0.01333747976059385,0.012959749772495381,0.013744744977753952
0.05,8,local_sparse,output_mae,0.08415990639817514,0.08292923696574991,0.08542127069231356
0.05,8,local_sparse,output_cosine,0.9599291482979122,0.9585505552323108,0.9612544166617834
0.05,8,local_sparse,output_relative_rmse,0.28681021054702194,0.28134879309048605,0.2923891163695468
0.05,8,local_corrected,self_mass,0.040089862692942305,0.038656725650737175,0.04153802687850146
0.05,8,local_corrected,output_mse,0.013486212323338501,0.013108056672060307,0.013900688656849524
0.05,8,local_corrected,output_mae,0.08438039960310562,0.08314869962196098,0.0856373357620214
0.05,8,local_corrected,output_cosine,0.9583288525658038,0.9568889193741293,0.9597397511262291
0.05,8,local_corrected,output_relative_rmse,0.2880406393572533,0.28253745801751695,0.29360284969188793
0.05,8,full_sparse,self_mass,0.07179229357908903,0.069422755874596,0.07421810991079003
0.05,8,full_sparse,output_mse,0.012262927118892247,0.011895955299222766,0.012665959880507671
0.05,8,full_sparse,output_mae,0.08037059012349346,0.07917741676837978,0.0816024152934915
0.05,8,full_sparse,output_cosine,0.9624977974259915,0.9610678334637972,0.9638214073483444
0.05,8,full_sparse,output_relative_rmse,0.27110946711036377,0.2656446919422402,0.27666866515634564
0.05,8,full_corrected,self_mass,0.04075983825634921,0.03932879023483906,0.042249964394893404
0.05,8,full_corrected,output_mse,0.014028787282654775,0.013599375931675201,0.01448264803964226
0.05,8,full_corrected,output_mae,0.08575242034203256,0.08440257728998403,0.0871626333775263
0.05,8,full_corrected,output_cosine,0.9585912341135554,0.9570146093610675,0.96009048842825
0.05,8,full_corrected,output_relative_rmse,0.2897911718755495,0.28389699234867294,0.29595986757473536
0.15,3,dense,self_mass,0.01746192854985414,0.016934282491763025,0.01800125173684961
0.15,3,dense,output_mse,0.0,0.0,0.0
0.15,3,dense,output_mae,0.0,0.0,0.0
0.15,3,dense,output_cosine,1.0,1.0,1.0
0.15,3,dense,output_relative_rmse,0.0,0.0,0.0
0.15,3,local_sparse,self_mass,0.0340019215321945,0.033011962175222224,0.035035200907768176
0.15,3,local_sparse,output_mse,0.007157135036284974,0.006963749382119506,0.007354683443717627
0.15,3,local_sparse,output_mae,0.059513466660064296,0.05873972175825959,0.06029400504344267
0.15,3,local_sparse,output_cosine,0.9613291658267069,0.9596928376588039,0.9629570689401589
0.15,3,local_sparse,output_relative_rmse,0.28258656414982397,0.2762229984498238,0.28905176174794184
0.15,3,local_corrected,self_mass,0.018078797915867046,0.017522373886143326,0.01866694473640867
0.15,3,local_corrected,output_mse,0.007301729147494976,0.007103133425983779,0.007502940300122418
0.15,3,local_corrected,output_mae,0.059823939308140936,0.0590439018489936,0.060616686296725675
0.15,3,local_corrected,output_cosine,0.9603649767038103,0.9586806250998052,0.9620464117697944
0.15,3,local_corrected,output_relative_rmse,0.28401973935979186,0.2777303096983815,0.2904881841716512
0.15,3,full_sparse,self_mass,0.034001921645312905,0.0330119624449632,0.03503520110941925
0.15,3,full_sparse,output_mse,0.007157135059022343,0.0069637494100192035,0.007354683435431752
0.15,3,full_sparse,output_mae,0.05951346672676057,0.05873972185054299,0.06029400510160485
0.15,3,full_sparse,output_cosine,0.9613291655162659,0.9596928378605906,0.9629570689425843
0.15,3,full_sparse,output_relative_rmse,0.2825865643802293,0.27622299872649214,0.2890517616318902
0.15,3,full_corrected,self_mass,0.018078797930229484,0.017522373836508603,0.01866694485783379
0.15,3,full_corrected,output_mse,0.007301729149124489,0.007103133414911629,0.0075029402957767395
0.15,3,full_corrected,output_mae,0.059823939362710604,0.05904390198805534,0.060616686321357825
0.15,3,full_corrected,output_cosine,0.960364977150069,0.9586806251483116,0.9620464127719364
0.15,3,full_corrected,output_relative_rmse,0.28401973989578744,0.27773031054439345,0.29048818433772494
0.15,4,dense,self_mass,0.031045766311005234,0.030192799603126257,0.0319232098132223
0.15,4,dense,output_mse,0.0,0.0,0.0
0.15,4,dense,output_mae,0.0,0.0,0.0
0.15,4,dense,output_cosine,1.0,1.0,1.0
0.15,4,dense,output_relative_rmse,0.0,0.0,0.0
0.15,4,local_sparse,self_mass,0.06189566359444143,0.06026231653044836,0.06358956573393093
0.15,4,local_sparse,output_mse,0.025793244031926104,0.025026207285001573,0.026573830919414832
0.15,4,local_sparse,output_mae,0.11030243799541495,0.10872428771784448,0.1118631816759868
0.15,4,local_sparse,output_cosine,0.9414526196778752,0.9395239939471745,0.9432736836766707
0.15,4,local_sparse,output_relative_rmse,0.34386529399004456,0.3381002812654818,0.3499646009474721
0.15,4,local_corrected,self_mass,0.033633889009252016,0.032682518617250855,0.03462110138470014
0.15,4,local_corrected,output_mse,0.02642934196353508,0.025653353750855482,0.027209527062943075
0.15,4,local_corrected,output_mae,0.11145522332784216,0.10987470360423686,0.11304113342042303
0.15,4,local_corrected,output_cosine,0.9391543454645823,0.9371516307777105,0.9410378684115132
0.15,4,local_corrected,output_relative_rmse,0.3476267268827845,0.341805550199994,0.3537151203240986
0.15,4,full_sparse,self_mass,0.06220200279752438,0.06057663636789433,0.06391493999518237
0.15,4,full_sparse,output_mse,0.024053952056988237,0.023333246494761775,0.024795021788770556
0.15,4,full_sparse,output_mae,0.10466054015887494,0.10319455823569115,0.10613169196799391
0.15,4,full_sparse,output_cosine,0.9463735729223117,0.9446050721657229,0.9480414303781193
0.15,4,full_sparse,output_relative_rmse,0.3246988680863675,0.3193617567704981,0.330328460065842
0.15,4,full_corrected,self_mass,0.03505836112352275,0.0340329122531178,0.03612081257979299
0.15,4,full_corrected,output_mse,0.025228938290183578,0.02448208840000916,0.026002957308999916
0.15,4,full_corrected,output_mae,0.10729196418409022,0.10576815719258169,0.10883411638311978
0.15,4,full_corrected,output_cosine,0.9441155869086894,0.9422814838777414,0.9458090047579997
0.15,4,full_corrected,output_relative_rmse,0.33248159085633233,0.3269640384554805,0.33818420932560306
0.15,5,dense,self_mass,0.034320490329870765,0.033172379883221005,0.0355346910427329
0.15,5,dense,output_mse,0.0,0.0,0.0
0.15,5,dense,output_mae,0.0,0.0,0.0
0.15,5,dense,output_cosine,1.0,1.0,1.0
0.15,5,dense,output_relative_rmse,0.0,0.0,0.0
0.15,5,local_sparse,self_mass,0.06560602999434195,0.06350136974471449,0.06777760398169144
0.15,5,local_sparse,output_mse,0.02058571078600835,0.019864404825729785,0.0213695800167064
0.15,5,local_sparse,output_mae,0.09761176970641826,0.09610136147184675,0.0993022037686084
0.15,5,local_sparse,output_cosine,0.9587274178047664,0.9572418578337722,0.9601214360824089
0.15,5,local_sparse,output_relative_rmse,0.2854019906832643,0.280273065230358,0.29078393508849937
0.15,5,local_corrected,self_mass,0.036925189264669214,0.035623334574961515,0.03827523270743237
0.15,5,local_corrected,output_mse,0.021033353846860336,0.02029358766536689,0.02183066056194889
0.15,5,local_corrected,output_mae,0.0985011904813291,0.09694925180356223,0.10020368658148678
0.15,5,local_corrected,output_cosine,0.9572426000571189,0.9557000860052843,0.9586861008234943
0.15,5,local_corrected,output_relative_rmse,0.28784262845874764,0.28271857126116323,0.29324206868429126
0.15,5,full_sparse,self_mass,0.06524755704534375,0.06315653517570657,0.06736484310396613
0.15,5,full_sparse,output_mse,0.019392551704944104,0.018691292342543877,0.020164704914325662
0.15,5,full_sparse,output_mae,0.093750909857287,0.09220344926288816,0.09546985765903931
0.15,5,full_sparse,output_cosine,0.9617496955324896,0.9603354312843294,0.963102285147276
0.15,5,full_sparse,output_relative_rmse,0.27101619516906794,0.26600443479328534,0.2763379688440182
0.15,5,full_corrected,self_mass,0.03794964899210147,0.036622131897972095,0.0393287771941876
0.15,5,full_corrected,output_mse,0.02103634464871599,0.02026304122169904,0.021877354700723117
0.15,5,full_corrected,output_mae,0.09784948214534475,0.09620760993326863,0.09969428861134777
0.15,5,full_corrected,output_cosine,0.9592290053842589,0.9577395888569299,0.9606787321933855
0.15,5,full_corrected,output_relative_rmse,0.28289158925326774,0.2775918763913675,0.2884603043405757
0.15,6,dense,self_mass,0.03739669410727704,0.035836813914083145,0.03902592083050536
0.15,6,dense,output_mse,0.0,0.0,0.0
0.15,6,dense,output_mae,0.0,0.0,0.0
0.15,6,dense,output_cosine,1.0,1.0,1.0
0.15,6,dense,output_relative_rmse,0.0,0.0,0.0
0.15,6,local_sparse,self_mass,0.07086810827028481,0.0680649283681987,0.07377864261013654
0.15,6,local_sparse,output_mse,0.020627267234052244,0.01990590128224123,0.02139618991500735
0.15,6,local_sparse,output_mae,0.10075973596516027,0.09901868957810317,0.10249674717169908
0.15,6,local_sparse,output_cosine,0.9638957099329369,0.9626796211052957,0.9650612794561312
0.15,6,local_sparse,output_relative_rmse,0.2707054256655586,0.2660349134446733,0.2757416036876142
0.15,6,local_corrected,self_mass,0.03988846570011143,0.038191311856695616,0.041681490925464
0.15,6,local_corrected,output_mse,0.021000433576773503,0.020255791436651783,0.021777739607008094
0.15,6,local_corrected,output_mae,0.10136296767692934,0.09957342805785932,0.10311383046237098
0.15,6,local_corrected,output_cosine,0.9625411528007437,0.9612803131734835,0.9637749293343708
0.15,6,local_corrected,output_relative_rmse,0.27257008420322865,0.26789415203517514,0.27757711469833646
0.15,6,full_sparse,self_mass,0.06975466319060311,0.06702107102723479,0.07261776199097386
0.15,6,full_sparse,output_mse,0.01987254668794473,0.019110182538404765,0.02069329750860523
0.15,6,full_sparse,output_mae,0.09797673794188692,0.09613617833513975,0.09995901868808992
0.15,6,full_sparse,output_cosine,0.9659013523487373,0.9646069230099481,0.9671378254764326
0.15,6,full_sparse,output_relative_rmse,0.25917008389660623,0.25427249873040036,0.26437365705763416
0.15,6,full_corrected,self_mass,0.04062597666491759,0.03890921053841226,0.042457073049723695
0.15,6,full_corrected,output_mse,0.02199842702899938,0.021144166370178633,0.02290413516914593
0.15,6,full_corrected,output_mae,0.10305217872640544,0.10108304553420265,0.10514444444782688
0.15,6,full_corrected,output_cosine,0.9632119273107189,0.9618451619127881,0.9645274964452255
0.15,6,full_corrected,output_relative_rmse,0.2729057247973591,0.2677854063755755,0.2783638029724292
0.15,7,dense,self_mass,0.023122482775647768,0.022480875356323315,0.023751270012035284
0.15,7,dense,output_mse,0.0,0.0,0.0
0.15,7,dense,output_mae,0.0,0.0,0.0
0.15,7,dense,output_cosine,1.0,1.0,1.0
0.15,7,dense,output_relative_rmse,0.0,0.0,0.0
0.15,7,local_sparse,self_mass,0.04490931996123966,0.04370206003391436,0.04609316596465239
0.15,7,local_sparse,output_mse,0.011808519329179035,0.011481474790525682,0.01214438889562075
0.15,7,local_sparse,output_mae,0.07891451066461741,0.07783482872346213,0.07997606282309183
0.15,7,local_sparse,output_cosine,0.9605946034231845,0.9590486592681069,0.9620602006451615
0.15,7,local_sparse,output_relative_rmse,0.2815119543568775,0.27588963116274196,0.28732189060968566
0.15,7,local_corrected,self_mass,0.02415283236584287,0.023471015115026955,0.02482404492556611
0.15,7,local_corrected,output_mse,0.012036768485510645,0.011699387801644433,0.01237931560796331
0.15,7,local_corrected,output_mae,0.07940961517427543,0.07832317197504986,0.08048319883322014
0.15,7,local_corrected,output_cosine,0.9595068909111433,0.9579260671695616,0.9610146275561419
0.15,7,local_corrected,output_relative_rmse,0.28344125532748876,0.27779699488576926,0.289275833709083
0.15,7,full_sparse,self_mass,0.04433512888723119,0.04317506415246915,0.04546553724404608
0.15,7,full_sparse,output_mse,0.011180762738604244,0.010836257353463451,0.011547738245858835
0.15,7,full_sparse,output_mae,0.07646408604341559,0.07529731865740057,0.07769802300978579
0.15,7,full_sparse,output_cosine,0.962299026354837,0.9606648738893758,0.9638673694105819
0.15,7,full_sparse,output_relative_rmse,0.26994304979113315,0.26404460739916735,0.27608539244247365
0.15,7,full_corrected,self_mass,0.024548919645970575,0.023863597328691335,0.02521163350132459
0.15,7,full_corrected,output_mse,0.012915530990994739,0.012528673464407803,0.013327414816171767
0.15,7,full_corrected,output_mae,0.08184647597469545,0.08059030412026308,0.08314778671898844
0.15,7,full_corrected,output_cosine,0.9589140585352045,0.957147176626313,0.9605433903071874
0.15,7,full_corrected,output_relative_rmse,0.28989546732918825,0.2836285078408764,0.29643349178186323
0.15,8,dense,self_mass,0.034760075401815506,0.033549734263046575,0.03600122900855922
0.15,8,dense,output_mse,0.0,0.0,0.0
0.15,8,dense,output_mae,0.0,0.0,0.0
0.15,8,dense,output_cosine,1.0,1.0,1.0
0.15,8,dense,output_relative_rmse,0.0,0.0,0.0
0.15,8,local_sparse,self_mass,0.06641342666883551,0.06424200853059006,0.06865798860075073
0.15,8,local_sparse,output_mse,0.014773293734909506,0.014326897376290997,0.0152647249868437
0.15,8,local_sparse,output_mae,0.08789081652624493,0.08653148032890384,0.08928501834743656
0.15,8,local_sparse,output_cosine,0.9595264749950729,0.9581022365319465,0.960914700034482
0.15,8,local_sparse,output_relative_rmse,0.2858329278994157,0.28039466068427527,0.291518307568731
0.15,8,local_corrected,self_mass,0.03649833093660012,0.035208070472832746,0.03783690076021458
0.15,8,local_corrected,output_mse,0.015064033227417895,0.014609012372788279,0.015572564450265721
0.15,8,local_corrected,output_mae,0.08843805313881603,0.08707024929917678,0.0898549758179797
0.15,8,local_corrected,output_cosine,0.9578702486663436,0.9563722156255001,0.9593227108314751
0.15,8,local_corrected,output_relative_rmse,0.288017045968445,0.28251717091952744,0.29366314168619284
0.15,8,full_sparse,self_mass,0.06577314718189578,0.06365429832919176,0.06796763664113237
0.15,8,full_sparse,output_mse,0.01436127352682585,0.013908457723387831,0.014862883301388288
0.15,8,full_sparse,output_mae,0.08652689883335066,0.08517838012412539,0.08798778222144392
0.15,8,full_sparse,output_cosine,0.9603735800871316,0.9587402510340326,0.961874184269497
0.15,8,full_sparse,output_relative_rmse,0.2774097232225662,0.27179218822384427,0.2833650684036305
0.15,8,full_corrected,self_mass,0.03718994520386332,0.03590544430288863,0.03855854849088587
0.15,8,full_corrected,output_mse,0.016600701050189553,0.016068231089637192,0.01719075347785974
0.15,8,full_corrected,output_mae,0.0927285894540546,0.09123364699256246,0.09435005111308782
0.15,8,full_corrected,output_cosine,0.9560042129208645,0.9541971454770344,0.9576743294412154
0.15,8,full_corrected,output_relative_rmse,0.2981702302883302,0.2919940286756173,0.3046965591088034
0.3,3,dense,self_mass,0.015408688588991028,0.014968926643026728,0.015852460013478262
0.3,3,dense,output_mse,0.0,0.0,0.0
0.3,3,dense,output_mae,0.0,0.0,0.0
0.3,3,dense,output_cosine,1.0,1.0,1.0
0.3,3,dense,output_relative_rmse,0.0,0.0,0.0
0.3,3,local_sparse,self_mass,0.03035468132782171,0.02950759465930446,0.031230669130763052
0.3,3,local_sparse,output_mse,0.007577141831461631,0.007369562920373103,0.007785994205590895
0.3,3,local_sparse,output_mae,0.06089475976659742,0.06009831944663044,0.06172626376387598
0.3,3,local_sparse,output_cosine,0.9591700439147341,0.9574401858461593,0.9608246968540092
0.3,3,local_sparse,output_relative_rmse,0.2895630195465249,0.283235094904497,0.29605548530623005
0.3,3,local_corrected,self_mass,0.015959248219530764,0.015489048558498078,0.016439195958380518
0.3,3,local_corrected,output_mse,0.007794341545528975,0.007580150770327994,0.008007626626242843
0.3,3,local_corrected,output_mae,0.061371198675866864,0.060570305805034266,0.06222292778544821
0.3,3,local_corrected,output_cosine,0.9580776882939971,0.9563152801119336,0.9597785838651665
0.3,3,local_corrected,output_relative_rmse,0.29160827239441767,0.2852630359070948,0.2981597711916644
0.3,3,full_sparse,self_mass,0.030354681369772155,0.02950759479723691,0.031230669163105063
0.3,3,full_sparse,output_mse,0.007577141850257855,0.00736956294675224,0.0077859942364360306
0.3,3,full_sparse,output_mae,0.060894759687774545,0.0600983193956381,0.06172626375353805
0.3,3,full_sparse,output_cosine,0.959170043875929,0.9574401849657684,0.9608246969699394
0.3,3,full_sparse,output_relative_rmse,0.2895630195295477,0.28323509615699244,0.2960554858435596
0.3,3,full_corrected,self_mass,0.015959248195675478,0.015489048549332552,0.016439195842440787
0.3,3,full_corrected,output_mse,0.007794341533553962,0.007580150774720095,0.008007626658406746
0.3,3,full_corrected,output_mae,0.06137119869951372,0.06057030587783932,0.06222292783621318
0.3,3,full_corrected,output_cosine,0.958077688604438,0.9563152803171154,0.9597785846708576
0.3,3,full_corrected,output_relative_rmse,0.2916082722173693,0.28526303528712255,0.2981597710253482
0.3,4,dense,self_mass,0.02405557669631738,0.023421252008819237,0.02469508953527679
0.3,4,dense,output_mse,0.0,0.0,0.0
0.3,4,dense,output_mae,0.0,0.0,0.0
0.3,4,dense,output_cosine,1.0,1.0,1.0
0.3,4,dense,output_relative_rmse,0.0,0.0,0.0
0.3,4,local_sparse,self_mass,0.0486907713943765,0.04744025291215431,0.049984720635857606
0.3,4,local_sparse,output_mse,0.025281979016161433,0.024523200970853056,0.02610686129845874
0.3,4,local_sparse,output_mae,0.10946016926997497,0.10786358456904659,0.11115759234814201
0.3,4,local_sparse,output_cosine,0.9421918873752777,0.9403167180770348,0.943902455965872
0.3,4,local_sparse,output_relative_rmse,0.34205850754127215,0.33639675097086486,0.3479762359450736
0.3,4,local_corrected,self_mass,0.02594013316873619,0.02522758180176178,0.026668455194632654
0.3,4,local_corrected,output_mse,0.025969574188290302,0.02519090473635591,0.02681279260655742
0.3,4,local_corrected,output_mae,0.11068471002848432,0.10908597590581241,0.11239051237074213
0.3,4,local_corrected,output_cosine,0.9400218440180955,0.9380637651420937,0.9417966555876773
0.3,4,local_corrected,output_relative_rmse,0.346221508977275,0.3405837431231097,0.35216229911335784
0.3,4,full_sparse,self_mass,0.04921834526226121,0.04796481851506845,0.050519645306004196
0.3,4,full_sparse,output_mse,0.023470649242540276,0.022730088334447864,0.024273130872927595
0.3,4,full_sparse,output_mae,0.10362077380887058,0.10209444761124663,0.10523494072928467
0.3,4,full_sparse,output_cosine,0.9476883283932693,0.9459393454240246,0.9492829366019576
0.3,4,full_sparse,output_relative_rmse,0.32171447241853457,0.31644669461456937,0.32712977066294113
0.3,4,full_corrected,self_mass,0.02710434249293788,0.02634842746190126,0.027885248792060224
0.3,4,full_corrected,output_mse,0.02474725732603626,0.023980177301189086,0.02558734854769682
0.3,4,full_corrected,output_mae,0.10642314425179697,0.10483974983732575,0.1080880802463374
0.3,4,full_corrected,output_cosine,0.9454663671203889,0.9436598432793593,0.9471172403549037
0.3,4,full_corrected,output_relative_rmse,0.33039221237413585,0.32492556494823166,0.33606916492171873
0.3,5,dense,self_mass,0.02708008775600016,0.026211258906243984,0.028007268518096377
0.3,5,dense,output_mse,0.0,0.0,0.0
0.3,5,dense,output_mae,0.0,0.0,0.0
0.3,5,dense,output_cosine,1.0,1.0,1.0
0.3,5,dense,output_relative_rmse,0.0,0.0,0.0
0.3,5,local_sparse,self_mass,0.05272654722981922,0.05108538139667568,0.054454097324067634
0.3,5,local_sparse,output_mse,0.019843224437295248,0.019094336115426814,0.020644398311535878
0.3,5,local_sparse,output_mae,0.09571863028637986,0.0941095335493325,0.09748682738666807
0.3,5,local_sparse,output_cosine,0.9604958163690753,0.959042662185675,0.961908011144745
0.3,5,local_sparse,output_relative_rmse,0.2774953330614759,0.2722834009803288,0.2830461098328669
0.3,5,local_corrected,self_mass,0.029025052793031136,0.028049165560810253,0.0300834144992488
0.3,5,local_corrected,output_mse,0.020319730533174152,0.01954521348325973,0.02113881588135958
0.3,5,local_corrected,output_mae,0.09664760838374302,0.09500967337856614,0.09845119698275084
0.3,5,local_corrected,output_cosine,0.9591859460342675,0.9576847247687209,0.9606445834360785
0.3,5,local_corrected,output_relative_rmse,0.2801798873770167,0.27496865927284186,0.285799364798307
0.3,5,full_sparse,self_mass,0.05270483321040349,0.05108402986895347,0.05441758316799224
0.3,5,full_sparse,output_mse,0.019395826637226797,0.018618948031854644,0.02023548362345859
0.3,5,full_sparse,output_mae,0.09399159147263467,0.09234334025359203,0.09589130215417753
0.3,5,full_sparse,output_cosine,0.9623101562222777,0.9608031838850972,0.9637206384572589
0.3,5,full_sparse,output_relative_rmse,0.26843082406897645,0.2631086062794566,0.2740050321539456
0.3,5,full_corrected,self_mass,0.03006105833598364,0.029035994064543047,0.031147458055977493
0.3,5,full_corrected,output_mse,0.021258512403164787,0.020418750107427285,0.02218367139164267
0.3,5,full_corrected,output_mae,0.09855026191386665,0.09677784945348927,0.100518960940614
0.3,5,full_corrected,output_cosine,0.9595246774260886,0.9579304574537673,0.9610297777622084
0.3,5,full_corrected,output_relative_rmse,0.28211578865739284,0.2763246953690517,0.28804068192463694
0.3,6,dense,self_mass,0.0285154660095183,0.027387060430434457,0.029737626452913443
0.3,6,dense,output_mse,0.0,0.0,0.0
0.3,6,dense,output_mae,0.0,0.0,0.0
0.3,6,dense,output_cosine,1.0,1.0,1.0
0.3,6,dense,output_relative_rmse,0.0,0.0,0.0
0.3,6,local_sparse,self_mass,0.05503122484545504,0.0529039505891357,0.05732416469937031
0.3,6,local_sparse,output_mse,0.018780728142170727,0.018059248033334065,0.019555874669453032
0.3,6,local_sparse,output_mae,0.09670096082360638,0.09489556221827418,0.09856258683045477
0.3,6,local_sparse,output_cosine,0.9658450799179263,0.96462004432445,0.967007133134272
0.3,6,local_sparse,output_relative_rmse,0.26207527873096603,0.25724558412069504,0.2670760689031643
0.3,6,local_corrected,self_mass,0.030208426552462697,0.028961790621828718,0.031551135624787695
0.3,6,local_corrected,output_mse,0.019181150694369837,0.01843500412626516,0.019973420273830318
0.3,6,local_corrected,output_mae,0.09742514234070161,0.09562379076918054,0.09928048133994404
0.3,6,local_corrected,output_cosine,0.9646774802628594,0.9633950016247884,0.9658888775166513
0.3,6,local_corrected,output_relative_rmse,0.26432448373088846,0.25950874389363887,0.2693304869001925
0.3,6,full_sparse,self_mass,0.05433008693747374,0.05226243709037893,0.056540436187663086
0.3,6,full_sparse,output_mse,0.018963816088216845,0.01817083007036899,0.019847064115365732
0.3,6,full_sparse,output_mae,0.09659404619499887,0.09467919453248518,0.09873509522631138
0.3,6,full_sparse,output_cosine,0.9662137409710946,0.964782166973843,0.9675151527864121
0.3,6,full_sparse,output_relative_rmse,0.2570544717600569,0.25172267009572047,0.26252204759099795
0.3,6,full_corrected,self_mass,0.030987919905480037,0.029740323826888473,0.032343077356754665
0.3,6,full_corrected,output_mse,0.021171944642749928,0.020293259216104313,0.02215810645897136
0.3,6,full_corrected,output_mae,0.10200734924001154,0.09996730223347186,0.10427989907044927
0.3,6,full_corrected,output_cosine,0.9633302573735515,0.9618006864703299,0.9647498094995778
0.3,6,full_corrected,output_relative_rmse,0.27209349716819514,0.2665706910273002,0.2777658458369842
0.3,7,dense,self_mass,0.01832804522348397,0.017855612953532805,0.018806224212491427
0.3,7,dense,output_mse,0.0,0.0,0.0
0.3,7,dense,output_mae,0.0,0.0,0.0
0.3,7,dense,output_cosine,1.0,1.0,1.0
0.3,7,dense,output_relative_rmse,0.0,0.0,0.0
0.3,7,local_sparse,self_mass,0.03608006088580851,0.035171751254993916,0.03698709910311587
0.3,7,local_sparse,output_mse,0.011760873748319984,0.011385931095916627,0.012152600424434468
0.3,7,local_sparse,output_mae,0.0780905680124609,0.07691956821196679,0.07924815758427334
0.3,7,local_sparse,output_cosine,0.9634810037096031,0.962057677610331,0.9648494603253007
0.3,7,local_sparse,output_relative_rmse,0.26924655173449236,0.26389551148604373,0.27504709637808744
0.3,7,local_corrected,self_mass,0.01916464192136876,0.018660976292508263,0.019674955389936123
0.3,7,local_corrected,output_mse,0.01201720608329045,0.011636193842948235,0.012416252208870068
0.3,7,local_corrected,output_mae,0.0786516173078174,0.07746159574241271,0.07982527706396164
0.3,7,local_corrected,output_cosine,0.9626013308879919,0.9611429398011145,0.9640057684198837
0.3,7,local_corrected,output_relative_rmse,0.271251083535996,0.26589475308301186,0.2770760579049238
0.3,7,full_sparse,self_mass,0.03571270483740818,0.03486132599893021,0.03660240314193714
0.3,7,full_sparse,output_mse,0.011642682234651147,0.011239968904681062,0.012054901951129675
0.3,7,full_sparse,output_mae,0.07757911404405604,0.07625106657857639,0.07891962130527949
0.3,7,full_sparse,output_cosine,0.9638031574819858,0.9621354100764924,0.9653973411448533
0.3,7,full_sparse,output_relative_rmse,0.264006549946013,0.2579272192048544,0.27012374145439627
0.3,7,full_corrected,self_mass,0.01956236931743168,0.019060825390991454,0.020082878362619995
0.3,7,full_corrected,output_mse,0.013474631748560263,0.013019403300575997,0.01396687390701743
0.3,7,full_corrected,output_mae,0.08309280153359092,0.08170027519129992,0.08453474577408997
0.3,7,full_corrected,output_cosine,0.9603269957394029,0.9585666105563481,0.9620221874400159
0.3,7,full_corrected,output_relative_rmse,0.2838964855570036,0.27727141124402505,0.29061641061913784
0.3,8,dense,self_mass,0.02777768873380637,0.026844567709258152,0.028750536205016414
0.3,8,dense,output_mse,0.0,0.0,0.0
0.3,8,dense,output_mae,0.0,0.0,0.0
0.3,8,dense,output_cosine,1.0,1.0,1.0
0.3,8,dense,output_relative_rmse,0.0,0.0,0.0
0.3,8,local_sparse,self_mass,0.053903039428746524,0.052191965944707396,0.05575564721751126
0.3,8,local_sparse,output_mse,0.014713983464692621,0.014194960473478586,0.015296779736627287
0.3,8,local_sparse,output_mae,0.08688362927690227,0.08528838079604004,0.08857073246460155
0.3,8,local_sparse,output_cosine,0.9630432183621451,0.9616504902932017,0.9643306320605916
0.3,8,local_sparse,output_relative_rmse,0.2708275426412001,0.26577361099110325,0.27610507630621817
0.3,8,local_corrected,self_mass,0.029179829131123824,0.028209223178875694,0.030238711408709186
0.3,8,local_corrected,output_mse,0.015098026793642323,0.014557606669154668,0.015695341046286636
0.3,8,local_corrected,output_mae,0.08765456222196615,0.08604252054853229,0.08936217318729785
0.3,8,local_corrected,output_cosine,0.9616397583352713,0.9601977257800173,0.9629887326368287
0.3,8,local_corrected,output_relative_rmse,0.2735820382925643,0.2684585805735575,0.2788062185406185
0.3,8,full_sparse,self_mass,0.053456595238571936,0.051761520699092976,0.05524852834462402
0.3,8,full_sparse,output_mse,0.015253657568412867,0.014657770159521988,0.015870857495910207
0.3,8,full_sparse,output_mae,0.08852771038800711,0.08686272924602842,0.09029481867528374
0.3,8,full_sparse,output_cosine,0.9619016534610031,0.960200031736652,0.9635001333643837
0.3,8,full_sparse,output_relative_rmse,0.27112408836789353,0.26515132280122394,0.27741190508550057
0.3,8,full_corrected,self_mass,0.029903137480137808,0.02889681789412085,0.030978993873033288
0.3,8,full_corrected,output_mse,0.017628466484666205,0.01694101096256683,0.018354316658023128
0.3,8,full_corrected,output_mae,0.09479393088258803,0.09299843800611901,0.09668049892297859
0.3,8,full_corrected,output_cosine,0.9576787809686114,0.9558332655132593,0.9594224623671228
0.3,8,full_corrected,output_relative_rmse,0.29143283476878423,0.2850347498960521,0.29831660099819907
0.5,3,dense,self_mass,0.012383508855236869,0.012074597418170184,0.012672001592611082
0.5,3,dense,output_mse,0.0,0.0,0.0
0.5,3,dense,output_mae,0.0,0.0,0.0
0.5,3,dense,output_cosine,1.0,1.0,1.0
0.5,3,dense,output_relative_rmse,0.0,0.0,0.0
0.5,3,local_sparse,self_mass,0.0246856110011322,0.02408881701947602,0.025249997303861463
0.5,3,local_sparse,output_mse,0.007318849312961599,0.007118251997266611,0.0075211224043727045
0.5,3,local_sparse,output_mae,0.05956408455252434,0.058734214390233325,0.060372290559431954
0.5,3,local_sparse,output_cosine,0.9583410692672867,0.956659286453214,0.9599779200652847
0.5,3,local_sparse,output_relative_rmse,0.2922041392812389,0.28599479004818323,0.2985847591839047
0.5,3,local_corrected,self_mass,0.012804867013604355,0.01247880331444975,0.013108717460452604
0.5,3,local_corrected,output_mse,0.007565541265175095,0.007354091795449828,0.007777526224181485
0.5,3,local_corrected,output_mae,0.06012781539053927,0.05928274424143941,0.06094482061263686
0.5,3,local_corrected,output_cosine,0.9572608043478491,0.9555370383430273,0.9589302353769502
0.5,3,local_corrected,output_relative_rmse,0.29458291480113985,0.2883962548993926,0.3010349217702242
0.5,3,full_sparse,self_mass,0.0246856110089008,0.02408881694764962,0.025249997234223543
0.5,3,full_sparse,output_mse,0.00731884929213796,0.007118252020258827,0.007521122368883937
0.5,3,full_sparse,output_mae,0.059564084427014066,0.058734214249231316,0.06037229046852796
0.5,3,full_sparse,output_cosine,0.9583410693254942,0.9566592859676651,0.9599779201191269
0.5,3,full_sparse,output_relative_rmse,0.2922041393831023,0.28599479052688065,0.2985847596594491
0.5,3,full_corrected,self_mass,0.012804866991928066,0.012478803316893543,0.013108717510411337
0.5,3,full_corrected,output_mse,0.007565541236867071,0.007354091774190389,0.007777526149362284
0.5,3,full_corrected,output_mae,0.06012781523956316,0.05928274415144491,0.06094482026690761
0.5,3,full_corrected,output_cosine,0.9572608041150186,0.9555370385452988,0.9589302339794813
0.5,3,full_corrected,output_relative_rmse,0.29458291434760514,0.2883962546123561,0.30103492120336645
0.5,4,dense,self_mass,0.016432811217365877,0.016063805400073267,0.01681665061202201
0.5,4,dense,output_mse,0.0,0.0,0.0
0.5,4,dense,output_mae,0.0,0.0,0.0
0.5,4,dense,output_cosine,1.0,1.0,1.0
0.5,4,dense,output_relative_rmse,0.0,0.0,0.0
0.5,4,local_sparse,self_mass,0.0334423607895739,0.03271796695859166,0.0341958228793222
0.5,4,local_sparse,output_mse,0.019734051222220238,0.019117545568665642,0.020369999985740607
0.5,4,local_sparse,output_mae,0.09799561330025122,0.0964972452562506,0.09954027265139302
0.5,4,local_sparse,output_cosine,0.9479558525490575,0.9464179091296198,0.9494162101730277
0.5,4,local_sparse,output_relative_rmse,0.32591838735000545,0.3209007238550839,0.3312037648069236
0.5,4,local_corrected,self_mass,0.017434355833377897,0.017041093441003834,0.017843145984281248
0.5,4,local_corrected,output_mse,0.020220486398822384,0.01958621604547943,0.020871961658306758
0.5,4,local_corrected,output_mae,0.09897891916443768,0.09746098018448114,0.10055102232942469
0.5,4,local_corrected,output_cosine,0.9463402439141646,0.9447572751805031,0.9478086493220569
0.5,4,local_corrected,output_relative_rmse,0.3295004165532494,0.32441541823906545,0.33484491751496537
0.5,4,full_sparse,self_mass,0.03393018998531261,0.03318988005037227,0.03471241078975898
0.5,4,full_sparse,output_mse,0.018082892355323565,0.01750079652117525,0.018687484449993498
0.5,4,full_sparse,output_mae,0.09231362092517278,0.09089364979651388,0.0937747407052484
0.5,4,full_sparse,output_cosine,0.9539637576866274,0.9525555441830269,0.9553037100301783
0.5,4,full_sparse,output_relative_rmse,0.30468482560778887,0.3000568227890956,0.3096068026604674
0.5,4,full_corrected,self_mass,0.018126778359847627,0.0177029519954317,0.0185728166065914
0.5,4,full_corrected,output_mse,0.019114677864081386,0.018490249787920257,0.019759845452443872
0.5,4,full_corrected,output_mae,0.09488166435160869,0.09337902352141707,0.09640045845729521
0.5,4,full_corrected,output_cosine,0.9520691184831473,0.950614671545918,0.9534440617314734
0.5,4,full_corrected,output_relative_rmse,0.31361558785526233,0.3087440281507346,0.31869871977820974
0.5,5,dense,self_mass,0.018513598320699508,0.01796032044786102,0.01909922633006242
0.5,5,dense,output_mse,0.0,0.0,0.0
0.5,5,dense,output_mae,0.0,0.0,0.0
0.5,5,dense,output_cosine,1.0,1.0,1.0
0.5,5,dense,output_relative_rmse,0.0,0.0,0.0
0.5,5,local_sparse,self_mass,0.03667570517821635,0.03558089741007583,0.03781125715723116
0.5,5,local_sparse,output_mse,0.015376454708227055,0.01472117514343457,0.016058941483680658
0.5,5,local_sparse,output_mae,0.08525085324981774,0.08367462307625526,0.08686644300175127
0.5,5,local_sparse,output_cosine,0.9660447203398992,0.9648671895110359,0.9672696582167797
0.5,5,local_sparse,output_relative_rmse,0.2565753500287732,0.25142503252269915,0.2617186934480438
0.5,5,local_corrected,self_mass,0.019546136121713666,0.01892527624074394,0.020188571252735224
0.5,5,local_corrected,output_mse,0.015719528867824316,0.015051403970448973,0.016412211571429223
0.5,5,local_corrected,output_mae,0.08600087407285173,0.0844024411499504,0.087641610527362
0.5,5,local_corrected,output_cosine,0.9651565741320762,0.9639393448756891,0.9664010588293118
0.5,5,local_corrected,output_relative_rmse,0.25892870671911317,0.25376084910494684,0.2641248056541372
0.5,5,full_sparse,self_mass,0.03715569253639235,0.03606261387218031,0.038280426103165156
0.5,5,full_sparse,output_mse,0.015425993241630447,0.014758621404919837,0.016165591837328935
0.5,5,full_sparse,output_mae,0.08486938158299986,0.08317548648947196,0.08664399199234744
0.5,5,full_sparse,output_cosine,0.9672893790605788,0.9659832197212381,0.968514497759558
0.5,5,full_sparse,output_relative_rmse,0.2511616038973443,0.24585056047726542,0.2565185907921962
0.5,5,full_corrected,self_mass,0.020555659874844423,0.019892806057955188,0.021237317666718047
0.5,5,full_corrected,output_mse,0.017047302691328994,0.01631189578502017,0.01785736843339123
0.5,5,full_corrected,output_mae,0.08936667785261912,0.08759400074322912,0.09125163841454195
0.5,5,full_corrected,output_cosine,0.9644844319554977,0.9630707006964562,0.9658260201574497
0.5,5,full_corrected,output_relative_rmse,0.2657672050869829,0.2599946300382726,0.271648168698448
0.5,6,dense,self_mass,0.01785771982974893,0.017152066042242117,0.01857084959270215
0.5,6,dense,output_mse,0.0,0.0,0.0
0.5,6,dense,output_mae,0.0,0.0,0.0
0.5,6,dense,output_cosine,1.0,1.0,1.0
0.5,6,dense,output_relative_rmse,0.0,0.0,0.0
0.5,6,local_sparse,self_mass,0.03518572413137614,0.03381366443997725,0.03657290922135796
0.5,6,local_sparse,output_mse,0.01397242308788312,0.01335983433610295,0.014586962937397628
0.5,6,local_sparse,output_mae,0.08486367439157523,0.08308514944174021,0.08666998843352
0.5,6,local_sparse,output_cosine,0.9703966329689138,0.9693007376447592,0.971470485041694
0.5,6,local_sparse,output_relative_rmse,0.24228218799059198,0.23772716398549767,0.24700718981027117
0.5,6,local_corrected,self_mass,0.01866758221914703,0.017904920101240878,0.01944460710238711
0.5,6,local_corrected,output_mse,0.014239293337595882,0.013617590010617657,0.01486461018014514
0.5,6,local_corrected,output_mae,0.0854521295853677,0.08367705632053912,0.08726651406126014
0.5,6,local_corrected,output_cosine,0.9696505184983835,0.9685200056196965,0.9707557833195704
0.5,6,local_corrected,output_relative_rmse,0.24429894785862416,0.239699943296849,0.24905168398642366
0.5,6,full_sparse,self_mass,0.03534544865518304,0.03400430479990367,0.03670553861658542
0.5,6,full_sparse,output_mse,0.014598298583299158,0.013889610475916924,0.015333019044305729
0.5,6,full_sparse,output_mae,0.08630162828679508,0.08429588130256889,0.08826288421535841
0.5,6,full_sparse,output_cosine,0.9699156629115653,0.9686089937361735,0.9711930043127115
0.5,6,full_sparse,output_relative_rmse,0.24247841520021512,0.23711508603058368,0.24800143592819948
0.5,6,full_corrected,self_mass,0.01957636693331703,0.01879051440314754,0.020374005277398053
0.5,6,full_corrected,output_mse,0.01638130888765469,0.015586199009707494,0.01719906567941886
0.5,6,full_corrected,output_mae,0.09137456966224515,0.0892780467334281,0.09343454390673286
0.5,6,full_corrected,output_cosine,0.9671381005706887,0.965701423776045,0.9685064195170223
0.5,6,full_corrected,output_relative_rmse,0.2575025688226257,0.2518471435821994,0.2634049512641165
0.5,7,dense,self_mass,0.011884840605868401,0.011587971287941912,0.012180086421021485
0.5,7,dense,output_mse,0.0,0.0,0.0
0.5,7,dense,output_mae,0.0,0.0,0.0
0.5,7,dense,output_cosine,1.0,1.0,1.0
0.5,7,dense,output_relative_rmse,0.0,0.0,0.0
0.5,7,local_sparse,self_mass,0.02368950795926139,0.023122480415795132,0.024258514014566874
0.5,7,local_sparse,output_mse,0.010121911922472766,0.009713315083685834,0.010521222608812763
0.5,7,local_sparse,output_mae,0.0718227574610258,0.07046825155786487,0.07313951345380094
0.5,7,local_sparse,output_cosine,0.9694455951879112,0.9682229759118247,0.9706880090632088
0.5,7,local_sparse,output_relative_rmse,0.2437949372809574,0.23836888713461424,0.24908077615048874
0.5,7,local_corrected,self_mass,0.012352054419541977,0.012047282542728984,0.012657354305020381
0.5,7,local_corrected,output_mse,0.01029897696446369,0.00988312816221916,0.01070796556152042
0.5,7,local_corrected,output_mae,0.07225981017351538,0.07090281514914143,0.07358549758743417
0.5,7,local_corrected,output_cosine,0.9689463554920318,0.9677040939578243,0.9702078849504082
0.5,7,local_corrected,output_relative_rmse,0.24532028485070137,0.23988772906031955,0.2506012439983048
0.5,7,full_sparse,self_mass,0.023701858302918787,0.023145905909414448,0.02424990518342914
0.5,7,full_sparse,output_mse,0.01046071803803746,0.010029934236356059,0.010904323802362606
0.5,7,full_sparse,output_mae,0.07323593085917915,0.07178249001332614,0.07471792556146588
0.5,7,full_sparse,output_cosine,0.9686157495016232,0.9670730878972488,0.9700984668622065
0.5,7,full_sparse,output_relative_rmse,0.24478505586254565,0.2387108481042257,0.2510932678291283
0.5,7,full_corrected,self_mass,0.012732159555052174,0.01241458429149276,0.013048735483124574
0.5,7,full_corrected,output_mse,0.011984430739479041,0.011499200405038814,0.012470299850853434
0.5,7,full_corrected,output_mae,0.07827363457060224,0.07670233604812893,0.07981520967690207
0.5,7,full_corrected,output_cosine,0.9652900188229978,0.9636137273055889,0.9669040439286619
0.5,7,full_corrected,output_relative_rmse,0.2625276834345035,0.25590920484149443,0.26930635886698534
0.5,8,dense,self_mass,0.018250147380494276,0.0176005392847595,0.018896889315075778
0.5,8,dense,output_mse,0.0,0.0,0.0
0.5,8,dense,output_mae,0.0,0.0,0.0
0.5,8,dense,output_cosine,1.0,1.0,1.0
0.5,8,dense,output_relative_rmse,0.0,0.0,0.0
0.5,8,local_sparse,self_mass,0.03604148916447987,0.034793220190724124,0.03728478074675554
0.5,8,local_sparse,output_mse,0.012624466511359362,0.01205963728430106,0.013217827162659054
0.5,8,local_sparse,output_mae,0.07955668185786634,0.07780554415743003,0.0812483430763829
0.5,8,local_sparse,output_cosine,0.969777445444682,0.9686011199800607,0.970883240941718
0.5,8,local_sparse,output_relative_rmse,0.24316297888435656,0.23819209220224974,0.24815183115861147
0.5,8,local_corrected,self_mass,0.019046937678297127,0.01835543598597269,0.019752401863842788
0.5,8,local_corrected,output_mse,0.012949828539831287,0.012364816325996722,0.013561154770854955
0.5,8,local_corrected,output_mae,0.08028079179833487,0.07850858154679373,0.08199998629506808
0.5,8,local_corrected,output_cosine,0.968897170057365,0.9676916972040394,0.9700674094308245
0.5,8,local_corrected,output_relative_rmse,0.24570785147322263,0.24068607562530814,0.2507908755959458
0.5,8,full_sparse,self_mass,0.036046720565233656,0.03482918683417229,0.03729681407481374
0.5,8,full_sparse,output_mse,0.014034630130974318,0.013374088405405852,0.014727121538478135
0.5,8,full_sparse,output_mae,0.08450846081541386,0.08250898154850196,0.0865415460469497
0.5,8,full_sparse,output_cosine,0.9665238475427032,0.9648841994736964,0.9680622105651613
0.5,8,full_sparse,output_relative_rmse,0.2532817101746332,0.2471190483067403,0.2597036616361947
0.5,8,full_corrected,self_mass,0.019717374602142474,0.0189960238839267,0.02046880893434491
0.5,8,full_corrected,output_mse,0.016019733830489713,0.01528284411929614,0.016793655747689703
0.5,8,full_corrected,output_mae,0.09004856389704705,0.087953557153863,0.09212598089109936
0.5,8,full_corrected,output_cosine,0.9629331540976029,0.9611032090751299,0.9646323921702181
0.5,8,full_corrected,output_relative_rmse,0.2708348052813866,0.26425515548938466,0.27787400482072067
0.7,3,dense,self_mass,0.009307285727288672,0.009130898702840777,0.00947545814131369
0.7,3,dense,output_mse,0.0,0.0,0.0
0.7,3,dense,output_mae,0.0,0.0,0.0
0.7,3,dense,output_cosine,1.0,1.0,1.0
0.7,3,dense,output_relative_rmse,0.0,0.0,0.0
0.7,3,local_sparse,self_mass,0.0186610912425067,0.018320262770797055,0.018993133079746375
0.7,3,local_sparse,output_mse,0.006492748964888051,0.0062621079202391655,0.006737867680237741
0.7,3,local_sparse,output_mae,0.056424367709041696,0.055422608386243154,0.05740572491387562
0.7,3,local_sparse,output_cosine,0.9630305736791342,0.961483262765008,0.964611112176984
0.7,3,local_sparse,output_relative_rmse,0.2727312729257392,0.26632373326198533,0.2789029297934273
0.7,3,local_corrected,self_mass,0.009564294178498283,0.009382372921428348,0.009739728872382614
0.7,3,local_corrected,output_mse,0.006686157967010331,0.006448118781365508,0.0069407718938156405
0.7,3,local_corrected,output_mae,0.05690755071494399,0.05589884058325272,0.05790407937062507
0.7,3,local_corrected,output_cosine,0.9622310866058492,0.9606656416246551,0.9638371330870239
0.7,3,local_corrected,output_relative_rmse,0.27476081549442216,0.26831720338068404,0.2809611063022506
0.7,3,full_sparse,self_mass,0.018661091308748233,0.01832026284921634,0.018993133158145763
0.7,3,full_sparse,output_mse,0.006492748972069269,0.006262107920112214,0.00673786771021696
0.7,3,full_sparse,output_mae,0.056424367658109986,0.05542260842853466,0.057405724915421764
0.7,3,full_sparse,output_cosine,0.963030573252278,0.9614832620403224,0.964611112458321
0.7,3,full_sparse,output_relative_rmse,0.2727312730542811,0.2663237337471704,0.27890292920607557
0.7,3,full_corrected,self_mass,0.009564294194111273,0.009382372961657382,0.009739728885561759
0.7,3,full_corrected,output_mse,0.0066861579718799176,0.006448118775891014,0.006940771917443082
0.7,3,full_corrected,output_mae,0.05690755068341484,0.05589884064685672,0.05790407934100585
0.7,3,full_corrected,output_cosine,0.9622310870327055,0.9606656412530963,0.9638371337952171
0.7,3,full_corrected,output_relative_rmse,0.27476081566661986,0.2683172035389361,0.28096110702354055
0.7,4,dense,self_mass,0.01093320097322703,0.010721721859475982,0.011150539162568408
0.7,4,dense,output_mse,0.0,0.0,0.0
0.7,4,dense,output_mae,0.0,0.0,0.0
0.7,4,dense,output_cosine,1.0,1.0,1.0
0.7,4,dense,output_relative_rmse,0.0,0.0,0.0
0.7,4,local_sparse,self_mass,0.022166403185489493,0.021749872909564753,0.02259352606731303
0.7,4,local_sparse,output_mse,0.013343290263340652,0.012876820658368614,0.013815561617171093
0.7,4,local_sparse,output_mae,0.08146713889254896,0.08004601023409728,0.08282906771337366
0.7,4,local_sparse,output_cosine,0.9578267878775174,0.9565168697750778,0.9591328906802422
0.7,4,local_sparse,output_relative_rmse,0.2922474664519541,0.2871926484151724,0.29724867040301134
0.7,4,local_corrected,self_mass,0.011410658329168655,0.011190748168193447,0.011637441849509857
0.7,4,local_corrected,output_mse,0.01359597315361801,0.013120377629834933,0.014072678254912792
0.7,4,local_corrected,output_mae,0.08209160446555566,0.08066516961192367,0.08345947768075349
0.7,4,local_corrected,output_cosine,0.956901248350429,0.9555638760328292,0.9582283151874434
0.7,4,local_corrected,output_relative_rmse,0.29462075008874916,0.2895596694873045,0.2996406834524047
0.7,4,full_sparse,self_mass,0.022404209039753674,0.021977264996998733,0.022839917949037652
0.7,4,full_sparse,output_mse,0.01188642614378447,0.011449366930574457,0.012317609715101223
0.7,4,full_sparse,output_mae,0.07594873112733087,0.07463533322152216,0.07726350266821101
0.7,4,full_sparse,output_cosine,0.964008485665545,0.9629224887714372,0.9651022453986419
0.7,4,full_sparse,output_relative_rmse,0.26974904841821024,0.2649647887228032,0.27422971282964376
0.7,4,full_corrected,self_mass,0.011692577747415573,0.01146291270314445,0.011931620974074993
0.7,4,full_corrected,output_mse,0.012458243884111653,0.01199807397299253,0.012914825066675916
0.7,4,full_corrected,output_mae,0.07768770432812744,0.07632270630861057,0.07904844089869888
0.7,4,full_corrected,output_cosine,0.9628764301111612,0.9617711847531609,0.9640045899664983
0.7,4,full_corrected,output_relative_rmse,0.2762865102219318,0.2714080171055078,0.28088297576808446
0.7,5,dense,self_mass,0.012692184095612902,0.012319553486825422,0.013052040867698149
0.7,5,dense,output_mse,0.0,0.0,0.0
0.7,5,dense,output_mae,0.0,0.0,0.0
0.7,5,dense,output_cosine,1.0,1.0,1.0
0.7,5,dense,output_relative_rmse,0.0,0.0,0.0
0.7,5,local_sparse,self_mass,0.025286452279336423,0.024566921754641646,0.02597475622180051
0.7,5,local_sparse,output_mse,0.010634962115640672,0.010123184243880227,0.011165664012458857
0.7,5,local_sparse,output_mae,0.07192105989755268,0.07040110252890676,0.07348672567832182
0.7,5,local_sparse,output_cosine,0.9734782663484414,0.97248309199252,0.97452520232376
0.7,5,local_sparse,output_relative_rmse,0.2261676266959209,0.2212305184977595,0.23076253806345143
0.7,5,local_corrected,self_mass,0.013168865759742705,0.01277778278300919,0.013552995317508969
0.7,5,local_corrected,output_mse,0.010815153124553945,0.010295512353253381,0.011352157197891682
0.7,5,local_corrected,output_mae,0.07240148072075196,0.07086913410024256,0.07397334512032407
0.7,5,local_corrected,output_cosine,0.9730038671793106,0.9719846841690014,0.9740670664987798
0.7,5,local_corrected,output_relative_rmse,0.22776530580207083,0.22281633965158107,0.23237674309930295
0.7,5,full_sparse,self_mass,0.02570865882292613,0.02498157351730394,0.026420967846680316
0.7,5,full_sparse,output_mse,0.010188206763511214,0.009658196779491845,0.010754681925961525
0.7,5,full_sparse,output_mae,0.06993153312214417,0.0683008607040089,0.07160061012241387
0.7,5,full_sparse,output_cosine,0.9759880089356253,0.9750310164206893,0.9769383796582891
0.7,5,full_sparse,output_relative_rmse,0.21592180239773978,0.2110665941427821,0.2207222928043848
0.7,5,full_corrected,self_mass,0.01378925587247674,0.013380714789389004,0.014202835554419833
0.7,5,full_corrected,output_mse,0.011122781603679263,0.0105525783708354,0.011735703082320014
0.7,5,full_corrected,output_mae,0.0731312087536935,0.0714118321955387,0.07489348457775122
0.7,5,full_corrected,output_cosine,0.9741944340833772,0.9731328153163001,0.9752498180047647
0.7,5,full_corrected,output_relative_rmse,0.22681445744577408,0.2214651240472449,0.23205729469864309
0.7,6,dense,self_mass,0.010737747935669024,0.010326963378465356,0.011147625087706576
0.7,6,dense,output_mse,0.0,0.0,0.0
0.7,6,dense,output_mae,0.0,0.0,0.0
0.7,6,dense,output_cosine,1.0,1.0,1.0
0.7,6,dense,output_relative_rmse,0.0,0.0,0.0
0.7,6,local_sparse,self_mass,0.02134285751977435,0.020545533888324977,0.022149791153355143
0.7,6,local_sparse,output_mse,0.00930872598348742,0.008828216692081507,0.009836927408896183
0.7,6,local_sparse,output_mae,0.07031394007450822,0.06863252936063874,0.07203233568255504
0.7,6,local_sparse,output_cosine,0.9764258774618307,0.9753526748652801,0.9774082969937201
0.7,6,local_sparse,output_relative_rmse,0.21469662403008746,0.20977733583895317,0.21968744059625653
0.7,6,local_corrected,self_mass,0.011022926567250124,0.010592204849414108,0.011461296679159244
0.7,6,local_corrected,output_mse,0.009424297335044685,0.008935194104125799,0.009955540049010853
0.7,6,local_corrected,output_mae,0.07065035662041434,0.06895056607590959,0.0723804771122559
0.7,6,local_corrected,output_cosine,0.9760556082086017,0.9749664870085931,0.9770541485617287
0.7,6,local_corrected,output_relative_rmse,0.21597285451813755,0.21100675561932197,0.22101119190429017
0.7,6,full_sparse,self_mass,0.02162478871055858,0.020817387648749748,0.022450184022767414
0.7,6,full_sparse,output_mse,0.009036076879548698,0.00851883571107616,0.009598734679543478
0.7,6,full_sparse,output_mae,0.06896286562672078,0.067184313171947,0.07077534827012641
0.7,6,full_sparse,output_cosine,0.9777445710691003,0.9765456334265763,0.9788650352483577
0.7,6,full_sparse,output_relative_rmse,0.20808191090084924,0.20245528684135936,0.21380924935704876
0.7,6,full_corrected,self_mass,0.011556175135278107,0.011100988978730677,0.012016160095001756
0.7,6,full_corrected,output_mse,0.009971453595009432,0.009415418923210458,0.010583426935695191
0.7,6,full_corrected,output_mae,0.07241716660246311,0.07056614119170869,0.07433299022056114
0.7,6,full_corrected,output_cosine,0.9760131964770455,0.9747453447116033,0.977215542185392
0.7,6,full_corrected,output_relative_rmse,0.2189796501697856,0.21286778224027028,0.2250035394029813
0.7,7,dense,self_mass,0.007377825291949119,0.007190890975365486,0.00755912320383061
0.7,7,dense,output_mse,0.0,0.0,0.0
0.7,7,dense,output_mae,0.0,0.0,0.0
0.7,7,dense,output_cosine,1.0,1.0,1.0
0.7,7,dense,output_relative_rmse,0.0,0.0,0.0
0.7,7,local_sparse,self_mass,0.014754270939761229,0.014389860411773725,0.015103893475146415
0.7,7,local_sparse,output_mse,0.007598569783832924,0.007202078317538963,0.007998883369138336
0.7,7,local_sparse,output_mae,0.0626105138908315,0.061074008709465485,0.06408887069774209
0.7,7,local_sparse,output_cosine,0.9759855630109087,0.9748321321516414,0.9770693782998326
0.7,7,local_sparse,output_relative_rmse,0.2149844371767055,0.20984229481946387,0.2204383446348705
0.7,7,local_corrected,self_mass,0.007583444892333091,0.007393360197833706,0.007767190401596717
0.7,7,local_corrected,output_mse,0.007677280252873212,0.007276478002413947,0.00808077349482706
0.7,7,local_corrected,output_mae,0.0628648795918707,0.06132370889517915,0.0643544240456322
0.7,7,local_corrected,output_cosine,0.97575830577019,0.9746004636350942,0.976846433430425
0.7,7,local_corrected,output_relative_rmse,0.21588578653366616,0.21073537938470208,0.2213511068904457
0.7,7,full_sparse,self_mass,0.014829983722241497,0.014468318467498876,0.015180374396943344
0.7,7,full_sparse,output_mse,0.007383606063929923,0.00700831723011485,0.007771713749208213
0.7,7,full_sparse,output_mae,0.06176514962377648,0.06020391680170482,0.0633034763625801
0.7,7,full_sparse,output_cosine,0.9769860928063281,0.975583043413159,0.978277042452828
0.7,7,full_sparse,output_relative_rmse,0.209024214927922,0.20287518992342182,0.2152262053450613
0.7,7,full_corrected,self_mass,0.007794609281726631,0.007595649002324478,0.007991738175700409
0.7,7,full_corrected,output_mse,0.008243111886391336,0.007837150172335326,0.008669184497889167
0.7,7,full_corrected,output_mae,0.0652156230159259,0.06363013377053903,0.06686315606483124
0.7,7,full_corrected,output_cosine,0.9749421944531302,0.9734418863629496,0.9763524453587403
0.7,7,full_corrected,output_relative_rmse,0.22137104770323882,0.21493832404873198,0.22784741294381092
0.7,8,dense,self_mass,0.010934493016198607,0.010514759860080857,0.01134786819770497
0.7,8,dense,output_mse,0.0,0.0,0.0
0.7,8,dense,output_mae,0.0,0.0,0.0
0.7,8,dense,output_cosine,1.0,1.0,1.0
0.7,8,dense,output_relative_rmse,0.0,0.0,0.0
0.7,8,local_sparse,self_mass,0.021780900857379493,0.020960703186786136,0.02260215458607983
0.7,8,local_sparse,output_mse,0.009132845297434262,0.008521841432437328,0.00976230975491982
0.7,8,local_sparse,output_mae,0.06752256350288614,0.06555395139263662,0.06949969540040306
0.7,8,local_sparse,output_cosine,0.9762692370374377,0.9752236225322122,0.9772444037308256
0.7,8,local_sparse,output_relative_rmse,0.21491031887126155,0.2099126913796378,0.22001452946011946
0.7,8,local_corrected,self_mass,0.011248909376519123,0.010812014423540716,0.01169230626131276
0.7,8,local_corrected,output_mse,0.00928328516079091,0.008655883687876554,0.009924528201462597
0.7,8,local_corrected,output_mae,0.06793816064479566,0.06593712479219296,0.06994264304248646
0.7,8,local_corrected,output_cosine,0.9758536889178988,0.9747913292313267,0.9768412412808781
0.7,8,local_corrected,output_relative_rmse,0.21644067616095225,0.2113982255971981,0.2215586060483474
0.7,8,full_sparse,self_mass,0.021869519208678412,0.021049521809025862,0.02269599523944426
0.7,8,full_sparse,output_mse,0.009646120533091107,0.009037445665446361,0.010266380938446671
0.7,8,full_sparse,output_mae,0.07009081967771635,0.0679938340903997,0.0722038616004132
0.7,8,full_sparse,output_cosine,0.9748558148664113,0.9733941357607061,0.9762691137764098
0.7,8,full_sparse,output_relative_rmse,0.21965046877691444,0.21305897500794038,0.22636994191489065
0.7,8,full_corrected,self_mass,0.011600281854214245,0.011134064535979368,0.012079147824913624
0.7,8,full_corrected,output_mse,0.010646956938065465,0.01000384139110603,0.01131774012600791
0.7,8,full_corrected,output_mae,0.07360642002277018,0.07145649303277726,0.0757567064588026
0.7,8,full_corrected,output_cosine,0.9728782025243465,0.9713139089993396,0.9743968936842673
0.7,8,full_corrected,output_relative_rmse,0.2311113653073941,0.22414059916676102,0.23820687883380742
0.85,3,dense,self_mass,0.0069637176634292555,0.006877304276980567,0.007051642992959017
0.85,3,dense,output_mse,0.0,0.0,0.0
0.85,3,dense,output_mae,0.0,0.0,0.0
0.85,3,dense,output_cosine,1.0,1.0,1.0
0.85,3,dense,output_relative_rmse,0.0,0.0,0.0
0.85,3,local_sparse,self_mass,0.013966908736999054,0.013796487968188368,0.014147965877294647
0.85,3,local_sparse,output_mse,0.0055978956538448674,0.0054006031790606816,0.00578422948304933
0.85,3,local_sparse,output_mae,0.05371695249717352,0.05274304396859104,0.05468130860799648
0.85,3,local_sparse,output_cosine,0.9692070542175013,0.9678912096787827,0.9705216871462957
0.85,3,local_sparse,output_relative_rmse,0.2470326194743393,0.2410111652779354,0.2528671761022754
0.85,3,local_corrected,self_mass,0.007106251165907906,0.007015953378327803,0.007201874329005875
0.85,3,local_corrected,output_mse,0.005721040370834392,0.005520188834363655,0.005910357664453158
0.85,3,local_corrected,output_mae,0.054068221879788325,0.0530796363117588,0.055033111921314534
0.85,3,local_corrected,output_cosine,0.9686689187462132,0.9673479283238218,0.970006282524749
0.85,3,local_corrected,output_relative_rmse,0.24852558009054823,0.24249303447316678,0.25440448365928503
0.85,3,full_sparse,self_mass,0.013966908745070821,0.01379648798754829,0.014147965877677393
0.85,3,full_sparse,output_mse,0.0055978956562512385,0.005400603192554361,0.005784229495906364
0.85,3,full_sparse,output_mae,0.05371695265724459,0.05274304421554916,0.05468130871793922
0.85,3,full_sparse,output_cosine,0.969207053790645,0.9678912086751855,0.9705216871171919
0.85,3,full_sparse,output_relative_rmse,0.2470326193870278,0.24101116588808508,0.25286717581190404
0.85,3,full_corrected,self_mass,0.007106251139665195,0.007015953341921488,0.007201874291656907
0.85,3,full_corrected,output_mse,0.005721040375211336,0.005520188819285938,0.005910357659205563
0.85,3,full_corrected,output_mae,0.054068222096248064,0.053079636687455904,0.055033112103077056
0.85,3,full_corrected,output_cosine,0.9686689195223153,0.967347929746999,0.9700062832780533
0.85,3,full_corrected,output_relative_rmse,0.2485255801899863,0.24249303453392107,0.25440448386076847
0.85,4,dense,self_mass,0.007742481066524458,0.007619041691765934,0.007871169565936972
0.85,4,dense,output_mse,0.0,0.0,0.0
0.85,4,dense,output_mae,0.0,0.0,0.0
0.85,4,dense,output_cosine,1.0,1.0,1.0
0.85,4,dense,output_relative_rmse,0.0,0.0,0.0
0.85,4,local_sparse,self_mass,0.015665765017123096,0.015431556383155489,0.015915734255901273
0.85,4,local_sparse,output_mse,0.009521650126998793,0.009163319250795134,0.009863155703586318
0.85,4,local_sparse,output_mae,0.06939961665678614,0.06812790392292907,0.07059834790675268
0.85,4,local_sparse,output_cosine,0.9662615357471318,0.9650525844980923,0.9674198552175465
0.85,4,local_sparse,output_relative_rmse,0.2591684682144357,0.25410417375684724,0.26415953276912957
0.85,4,local_corrected,self_mass,0.00801760701345226,0.007894435667776634,0.008149790735514745
0.85,4,local_corrected,output_mse,0.009661104998050025,0.009298654230861797,0.0100083373953107
0.85,4,local_corrected,output_mae,0.06980633803747575,0.0685350661938325,0.07101403776276433
0.85,4,local_corrected,output_cosine,0.9657362866564654,0.9645153286265364,0.9669193841837114
0.85,4,local_corrected,output_relative_rmse,0.2607449289692643,0.25569136201532583,0.26577008919539363
0.85,4,full_sparse,self_mass,0.015752105986090708,0.01551597563247166,0.01600523603028516
0.85,4,full_sparse,output_mse,0.008345145106867829,0.00802383022132555,0.008655476995402483
0.85,4,full_sparse,output_mae,0.06435867108120874,0.06315574063076686,0.06549795422783973
0.85,4,full_sparse,output_cosine,0.9716425227040115,0.9706582302019039,0.9726130072997573
0.85,4,full_sparse,output_relative_rmse,0.23717722540701897,0.2326689765730407,0.24156901874782002
0.85,4,full_corrected,self_mass,0.008117197726865772,0.007990509646046935,0.008252385281648364
0.85,4,full_corrected,output_mse,0.008594096231907619,0.008264528675893246,0.008917725940110206
0.85,4,full_corrected,output_mae,0.06523797448001764,0.06401815434664969,0.06640162464852135
0.85,4,full_corrected,output_cosine,0.9711136786111941,0.9701228542622023,0.972092897213103
0.85,4,full_corrected,output_relative_rmse,0.24039452757763985,0.23579274584062662,0.24486570549173242
0.85,5,dense,self_mass,0.009549517243423603,0.009320792026093727,0.009787552375323114
0.85,5,dense,output_mse,0.0,0.0,0.0
0.85,5,dense,output_mae,0.0,0.0,0.0
0.85,5,dense,output_cosine,1.0,1.0,1.0
0.85,5,dense,output_relative_rmse,0.0,0.0,0.0
0.85,5,local_sparse,self_mass,0.019060880684795244,0.0186112291210956,0.01952565471618944
0.85,5,local_sparse,output_mse,0.0076484213427268815,0.007288700623915171,0.00799792379535802
0.85,5,local_sparse,output_mae,0.06226172380471932,0.06084494032996493,0.06359635862816806
0.85,5,local_sparse,output_cosine,0.9789811725301358,0.9780547625831484,0.979911461485123
0.85,5,local_sparse,output_relative_rmse,0.20032138746319106,0.19554951003616833,0.20495915745832463
0.85,5,local_corrected,self_mass,0.009799384200315824,0.009556195666063635,0.01004824073111763
0.85,5,local_corrected,output_mse,0.007741306068794529,0.007370324939854339,0.00809108298822423
0.85,5,local_corrected,output_mae,0.06256857299861925,0.061135761464917476,0.0639062353964467
0.85,5,local_corrected,output_cosine,0.978725543342686,0.9777908895033761,0.9796613070143697
0.85,5,local_corrected,output_relative_rmse,0.20134111417428358,0.19651709648387622,0.2059724257499814
0.85,5,full_sparse,self_mass,0.01927260549943336,0.018814867703711498,0.019746427349576833
0.85,5,full_sparse,output_mse,0.0064657492275728146,0.006104062109155469,0.00680818704900427
0.85,5,full_sparse,output_mae,0.056815902462403756,0.05529694800015932,0.05819490589336359
0.85,5,full_sparse,output_cosine,0.9834285513691914,0.9827723711685394,0.9841011172436992
0.85,5,full_sparse,output_relative_rmse,0.17900854048396772,0.17494450412947724,0.18289442554966323
0.85,5,full_corrected,self_mass,0.010087667203038109,0.00983355559651405,0.010348680553207147
0.85,5,full_corrected,output_mse,0.006827552886079502,0.00644263245801729,0.007191201891577254
0.85,5,full_corrected,output_mae,0.05832491467178139,0.05676451059730425,0.05972214788756294
0.85,5,full_corrected,output_cosine,0.982803415778714,0.9821257935798107,0.9835009611051646
0.85,5,full_corrected,output_relative_rmse,0.18402899340192863,0.17979745332377206,0.18809421013750882
0.85,6,dense,self_mass,0.007145685283762285,0.006889566996819655,0.007412520723413962
0.85,6,dense,output_mse,0.0,0.0,0.0
0.85,6,dense,output_mae,0.0,0.0,0.0
0.85,6,dense,output_cosine,1.0,1.0,1.0
0.85,6,dense,output_relative_rmse,0.0,0.0,0.0
0.85,6,local_sparse,self_mass,0.014225285777243359,0.013719172062066083,0.01475360524945574
0.85,6,local_sparse,output_mse,0.007445502078553545,0.007064330348488093,0.007811878995358748
0.85,6,local_sparse,output_mae,0.06157053413880931,0.06004925801379007,0.06302291788460936
0.85,6,local_sparse,output_cosine,0.9803961115151955,0.979365331690739,0.9813014710346276
0.85,6,local_sparse,output_relative_rmse,0.1941637409302833,0.18934031062811604,0.19946439199029556
0.85,6,local_corrected,self_mass,0.007256675776266282,0.006987891919758246,0.007534226248983225
0.85,6,local_corrected,output_mse,0.00749413462059086,0.007109213128322267,0.007865603266713112
0.85,6,local_corrected,output_mae,0.061758713374122934,0.06023513311330741,0.06320547129124256
0.85,6,local_corrected,output_cosine,0.9801988825007962,0.9791508336313806,0.9811117296136218
0.85,6,local_corrected,output_relative_rmse,0.19490717739245156,0.19006436072637978,0.20021391009546885
0.85,6,full_sparse,self_mass,0.014334665676547804,0.013822391758495438,0.014877635498175105
0.85,6,full_sparse,output_mse,0.006370956126090732,0.006016560128298921,0.0067110630833136994
0.85,6,full_sparse,output_mae,0.05625197600784304,0.054739615758535365,0.05774968769569568
0.85,6,full_sparse,output_cosine,0.9840094429867652,0.9831736596092621,0.984787799224432
0.85,6,full_sparse,output_relative_rmse,0.17458994603415096,0.17010259605637354,0.17948156396960258
0.85,6,full_corrected,self_mass,0.007453991785126846,0.007175276128229177,0.00774941108333067
0.85,6,full_corrected,output_mse,0.00669133448515898,0.006317145006870817,0.007050619732112295
0.85,6,full_corrected,output_mae,0.05773030804872784,0.05615941915022329,0.059255543637952234
0.85,6,full_corrected,output_cosine,0.983424035735273,0.9825684446361265,0.9842323652895478
0.85,6,full_corrected,output_relative_rmse,0.17936953607810815,0.17463423542849343,0.1844167158208317
0.85,7,dense,self_mass,0.005080965333633003,0.004956343888512531,0.005220423016988699
0.85,7,dense,output_mse,0.0,0.0,0.0
0.85,7,dense,output_mae,0.0,0.0,0.0
0.85,7,dense,output_cosine,1.0,1.0,1.0
0.85,7,dense,output_relative_rmse,0.0,0.0,0.0
0.85,7,local_sparse,self_mass,0.010161818237653126,0.00992345734753949,0.010426847571476116
0.85,7,local_sparse,output_mse,0.005964947521931663,0.005572184275434703,0.006332995206861843
0.85,7,local_sparse,output_mae,0.056068629120394085,0.05443812280550446,0.05762697950141652
0.85,7,local_sparse,output_cosine,0.9811739384701165,0.980039562212672,0.982255630781583
0.85,7,local_sparse,output_relative_rmse,0.18941984349172947,0.1840303436227259,0.19496670556248621
0.85,7,local_corrected,self_mass,0.005170096302606453,0.00504588931281944,0.005309781575859536
0.85,7,local_corrected,output_mse,0.006000284892138552,0.005604273870539108,0.006370845723377746
0.85,7,local_corrected,output_mae,0.056215460782671776,0.054582421198756496,0.057778010919628295
0.85,7,local_corrected,output_cosine,0.9810712260077707,0.9799392586394484,0.9821540827969633
0.85,7,local_corrected,output_relative_rmse,0.1899137695436366,0.18452206407464472,0.19546870344787143
0.85,7,full_sparse,self_mass,0.010173212443684559,0.009936415761649187,0.010438274817704495
0.85,7,full_sparse,output_mse,0.005018346917192199,0.0046854837520101,0.00532813219577027
0.85,7,full_sparse,output_mae,0.05127441579194662,0.04972267935512112,0.052728496332247236
0.85,7,full_sparse,output_cosine,0.9848021028446965,0.9839651078213744,0.9856119191133379
0.85,7,full_sparse,output_relative_rmse,0.17006155286799185,0.16543277936707454,0.17489126625199183
0.85,7,full_corrected,self_mass,0.005241818640617643,0.005116466499539504,0.005385157006227341
0.85,7,full_corrected,output_mse,0.0053379200122284,0.004990362578211698,0.005666818668143492
0.85,7,full_corrected,output_mae,0.05284246013555578,0.05123447863547881,0.05435646572761167
0.85,7,full_corrected,output_cosine,0.9841433045997594,0.9832709063567261,0.9849833529195167
0.85,7,full_corrected,output_relative_rmse,0.17545961807627464,0.17065088169389733,0.1805710543511547
0.85,8,dense,self_mass,0.0070613503331837055,0.006808828383214424,0.0073183931314081485
0.85,8,dense,output_mse,0.0,0.0,0.0
0.85,8,dense,output_mae,0.0,0.0,0.0
0.85,8,dense,output_cosine,1.0,1.0,1.0
0.85,8,dense,output_relative_rmse,0.0,0.0,0.0
0.85,8,local_sparse,self_mass,0.014079545287719005,0.013574855246557622,0.014592313753871147
0.85,8,local_sparse,output_mse,0.006519859815720489,0.005965835068600712,0.00707167377291095
0.85,8,local_sparse,output_mae,0.05771665897433801,0.05569306694663586,0.059623130373756786
0.85,8,local_sparse,output_cosine,0.9812322909128852,0.980287949553167,0.9821848752093502
0.85,8,local_sparse,output_relative_rmse,0.18936090028728358,0.18409033499629004,0.19453139525697527
0.85,8,local_corrected,self_mass,0.007174148343182196,0.006909404323223355,0.007444676226251563
0.85,8,local_corrected,output_mse,0.00658364233889112,0.0060265646616433815,0.0071433474294067874
0.85,8,local_corrected,output_mae,0.05794275438590072,0.05591303631780041,0.059859249300310086
0.85,8,local_corrected,output_cosine,0.9810392168583348,0.980084593493666,0.9819973690866998
0.85,8,local_corrected,output_relative_rmse,0.1902211122481579,0.18494263532302282,0.19540862342206913
0.85,8,full_sparse,self_mass,0.014100391136688966,0.013602375661472857,0.014606525484211846
0.85,8,full_sparse,output_mse,0.00592665585463692,0.005387783052201201,0.006482148862178385
0.85,8,full_sparse,output_mae,0.05508627744226639,0.05293993093761552,0.057136401626182
0.85,8,full_sparse,output_cosine,0.9833047555293888,0.9823590052023065,0.984203864100952
0.85,8,full_sparse,output_relative_rmse,0.17752758028170018,0.17253369386417033,0.1828293065057248
0.85,8,full_corrected,self_mass,0.0072888535573933195,0.007016713438370204,0.0075711846212475585
0.85,8,full_corrected,output_mse,0.006265849646013066,0.005703097699993028,0.00684784902945239
0.85,8,full_corrected,output_mae,0.0566780549561372,0.05449111456781187,0.0587841491348172
0.85,8,full_corrected,output_cosine,0.9826295734771218,0.9816512673763403,0.9835470342140373
0.85,8,full_corrected,output_relative_rmse,0.18278895420371555,0.17737615304007098,0.18832576126066367
0.95,3,dense,self_mass,0.00444018504089172,0.004386228886550232,0.004496337224675529
0.95,3,dense,output_mse,0.0,0.0,0.0
0.95,3,dense,output_mae,0.0,0.0,0.0
0.95,3,dense,output_cosine,1.0,1.0,1.0
0.95,3,dense,output_relative_rmse,0.0,0.0,0.0
0.95,3,local_sparse,self_mass,0.008894269518483117,0.008786773772116873,0.009004428297227206
0.95,3,local_sparse,output_mse,0.004939981088834125,0.004786737687432681,0.005089249548806644
0.95,3,local_sparse,output_mae,0.051667255745996954,0.050853334979698656,0.05246850306558978
0.95,3,local_sparse,output_cosine,0.9708789181895554,0.969845727114686,0.9718923586556533
0.95,3,local_sparse,output_relative_rmse,0.24067558176951326,0.23615810397841416,0.24517943666069186
0.95,3,local_corrected,self_mass,0.004488732087376472,0.004433893455413815,0.004544992195616023
0.95,3,local_corrected,output_mse,0.004988078240671712,0.00483447031525183,0.005139047137838778
0.95,3,local_corrected,output_mae,0.05184726893761156,0.05103138769977704,0.05264812092326186
0.95,3,local_corrected,output_cosine,0.970580755888174,0.9695426425736514,0.9716031687751335
0.95,3,local_corrected,output_relative_rmse,0.24155287386626395,0.23704316625668678,0.246090142758779
0.95,3,full_sparse,self_mass,0.008894269503154344,0.008786773748232689,0.009004428286174478
0.95,3,full_sparse,output_mse,0.0049399810871667196,0.004786737642910074,0.005089249531133077
0.95,3,full_sparse,output_mae,0.051667255843616054,0.05085333500140527,0.052468503179792
0.95,3,full_sparse,output_cosine,0.970878917510466,0.9698457271437897,0.9718923582564458
0.95,3,full_sparse,output_relative_rmse,0.24067558180346774,0.2361581037766882,0.2451794361640471
0.95,3,full_corrected,self_mass,0.0044887320902754855,0.004433893467671624,0.00454499219707311
0.95,3,full_corrected,output_mse,0.004988078243703361,0.004834470322091988,0.005139047156935325
0.95,3,full_corrected,output_mae,0.05184726886242667,0.05103138758383163,0.052648120786883135
0.95,3,full_corrected,output_cosine,0.970580755888174,0.9695426427308121,0.9716031686431962
0.95,3,full_corrected,output_relative_rmse,0.24155287384443608,0.23704316614148413,0.24609014227577672
0.95,4,dense,self_mass,0.00515666132402733,0.005079679785224774,0.005233515734308015
0.95,4,dense,output_mse,0.0,0.0,0.0
0.95,4,dense,output_mae,0.0,0.0,0.0
0.95,4,dense,output_cosine,1.0,1.0,1.0
0.95,4,dense,output_relative_rmse,0.0,0.0,0.0
0.95,4,local_sparse,self_mass,0.0104704094767006,0.010319733219361636,0.01061939195011803
0.95,4,local_sparse,output_mse,0.007363707462654171,0.007144247056898697,0.007578056296959327
0.95,4,local_sparse,output_mae,0.06198857338495145,0.061139776797684446,0.06280049831501248
0.95,4,local_sparse,output_cosine,0.96957865091584,0.9686609771253036,0.9704901530766317
0.95,4,local_sparse,output_relative_rmse,0.2454170088240062,0.2413435247838303,0.24950043160467125
0.95,4,local_corrected,self_mass,0.005315846951210309,0.005237636620833541,0.005393501251037947
0.95,4,local_corrected,output_mse,0.007439925564407682,0.007217748301171884,0.007655305973632191
0.95,4,local_corrected,output_mae,0.062244090421396926,0.0613944596755573,0.0630610146035148
0.95,4,local_corrected,output_cosine,0.9692534215088624,0.9683290505422824,0.9701674616784052
0.95,4,local_corrected,output_relative_rmse,0.24648545257029278,0.24239827679157316,0.25057358155287757
0.95,4,full_sparse,self_mass,0.01048913135540867,0.010337777555369597,0.010639391937687984
0.95,4,full_sparse,output_mse,0.006834619772045395,0.006630081274466686,0.007037191942469669
0.95,4,full_sparse,output_mae,0.059468595088522605,0.05863307375028247,0.0602752880087337
0.95,4,full_sparse,output_cosine,0.9723572270983518,0.9715762714865073,0.9731285650026015
0.95,4,full_sparse,output_relative_rmse,0.23365518180071376,0.23004199051144195,0.23718674118432925
0.95,4,full_corrected,self_mass,0.005337071112497446,0.005258832092191785,0.005415282502301958
0.95,4,full_corrected,output_mse,0.006930328717658085,0.006720455037475403,0.007135731723349182
0.95,4,full_corrected,output_mae,0.05982743443261522,0.05897892729180967,0.060636659068980706
0.95,4,full_corrected,output_cosine,0.9720540660006616,0.9712680630545947,0.9728353040414125
0.95,4,full_corrected,output_relative_rmse,0.2350706999883793,0.23142496586727548,0.2386174284643251
0.95,5,dense,self_mass,0.0072746345394989476,0.007139537003961511,0.007411872472845478
0.95,5,dense,output_mse,0.0,0.0,0.0
0.95,5,dense,output_mae,0.0,0.0,0.0
0.95,5,dense,output_cosine,1.0,1.0,1.0
0.95,5,dense,output_relative_rmse,0.0,0.0,0.0
0.95,5,local_sparse,self_mass,0.01457618087715673,0.014314835841150854,0.014845230237655944
0.95,5,local_sparse,output_mse,0.005838188516634091,0.005600927897258619,0.006071666954910407
0.95,5,local_sparse,output_mae,0.05544527379424835,0.0543580813258662,0.056527768563652596
0.95,5,local_sparse,output_cosine,0.9805885490301685,0.9798259237247597,0.9813176941024723
0.95,5,local_sparse,output_relative_rmse,0.19280868053950445,0.1891005078302745,0.19664812376001162
0.95,5,local_corrected,self_mass,0.007421394796324421,0.007283822480119776,0.007563193016769295
0.95,5,local_corrected,output_mse,0.005889334360839864,0.005651360007964949,0.006126172917324387
0.95,5,local_corrected,output_mae,0.055660735174872876,0.05456715248313534,0.05675503504471635
0.95,5,local_corrected,output_cosine,0.9804231303666409,0.9796559832218918,0.9811515634942528
0.95,5,local_corrected,output_relative_rmse,0.19358512994707172,0.1898877808901792,0.1974114759626294
0.95,5,full_sparse,self_mass,0.014640464444861815,0.014375629939947508,0.014909871515650744
0.95,5,full_sparse,output_mse,0.004832750149186419,0.0046212881341773475,0.005051896156066013
0.95,5,full_sparse,output_mae,0.050450331481139685,0.049391135044137016,0.05152794514319794
0.95,5,full_sparse,output_cosine,0.984445973202431,0.9839465974083093,0.9849340040658717
0.95,5,full_sparse,output_relative_rmse,0.17335285679776766,0.1704646652614732,0.17624552748166025
0.95,5,full_corrected,self_mass,0.007505733640944831,0.007362459274061924,0.007650326468275163
0.95,5,full_corrected,output_mse,0.004921432864212724,0.004706400309120795,0.0051451899608717135
0.95,5,full_corrected,output_mae,0.05088800110570446,0.049818079259572795,0.051970996233179294
0.95,5,full_corrected,output_cosine,0.9842906980387246,0.9837874425997143,0.9847815510520982
0.95,5,full_corrected,output_relative_rmse,0.17478857513682064,0.1719584620974274,0.17766366824622917
0.95,6,dense,self_mass,0.004752656248747433,0.004620190677624495,0.004886746266142634
0.95,6,dense,output_mse,0.0,0.0,0.0
0.95,6,dense,output_mae,0.0,0.0,0.0
0.95,6,dense,output_cosine,1.0,1.0,1.0
0.95,6,dense,output_relative_rmse,0.0,0.0,0.0
0.95,6,local_sparse,self_mass,0.009498395223935141,0.009237315545973667,0.009761582322641764
0.95,6,local_sparse,output_mse,0.008366762750597445,0.00801461843548547,0.0087076918754254
0.95,6,local_sparse,output_mae,0.05993538482107397,0.05878955032626435,0.061022805424818215
0.95,6,local_sparse,output_cosine,0.9789301792625338,0.9780696128073032,0.9797527585576365
0.95,6,local_sparse,output_relative_rmse,0.1989755166165802,0.19462486853074856,0.20337583319402863
0.95,6,local_corrected,self_mass,0.0048086744452537165,0.004674226159754917,0.004944893821823238
0.95,6,local_corrected,output_mse,0.008391913855537798,0.00803738213418228,0.008734239193721767
0.95,6,local_corrected,output_mae,0.06005254050857426,0.05890655535210196,0.06114433827662348
0.95,6,local_corrected,output_cosine,0.9788050448405556,0.9779397566531164,0.9796299834517412
0.95,6,local_corrected,output_relative_rmse,0.1994880776037462,0.19512983956313595,0.2039145439282341
0.95,6,full_sparse,self_mass,0.009525926885379121,0.009261637932124554,0.009794470094905897
0.95,6,full_sparse,output_mse,0.007518003525698683,0.0071977160146569005,0.007836718392251404
0.95,6,full_sparse,output_mae,0.055318649994054184,0.05423773461090301,0.056349308615441865
0.95,6,full_sparse,output_cosine,0.9823442547543284,0.9816947510761869,0.9829722386993428
0.95,6,full_sparse,output_relative_rmse,0.18012829201567607,0.1766918667846767,0.1836807135025083
0.95,6,full_corrected,self_mass,0.004859069192185039,0.004722271911657698,0.004999339759117689
0.95,6,full_corrected,output_mse,0.0075892671100821945,0.007266348727435457,0.00791328287939071
0.95,6,full_corrected,output_mae,0.05567658461101625,0.05457845305754745,0.056723953246197806
0.95,6,full_corrected,output_cosine,0.9822316139276761,0.9815871355172324,0.9828604419633241
0.95,6,full_corrected,output_relative_rmse,0.18130714204259374,0.1778278890111324,0.18482264328346595
0.95,7,dense,self_mass,0.0037508060988737197,0.003668165920880403,0.0038406087122677237
0.95,7,dense,output_mse,0.0,0.0,0.0
0.95,7,dense,output_mae,0.0,0.0,0.0
0.95,7,dense,output_cosine,1.0,1.0,1.0
0.95,7,dense,output_relative_rmse,0.0,0.0,0.0
0.95,7,local_sparse,self_mass,0.0075301100584681535,0.007372972430911773,0.007697450538060243
0.95,7,local_sparse,output_mse,0.005111042001885835,0.004825446217149457,0.00538226161558839
0.95,7,local_sparse,output_mae,0.052996819466595,0.05164643419319267,0.054241802114468864
0.95,7,local_sparse,output_cosine,0.9827395591613215,0.9819056834196089,0.9835392724320021
0.95,7,local_sparse,output_relative_rmse,0.18058992040459998,0.17625045609687126,0.18517631630814624
0.95,7,local_corrected,self_mass,0.0038015608619825043,0.0037212961469364815,0.0038883234138855486
0.95,7,local_corrected,output_mse,0.005131820784868069,0.004844833649300995,0.005405108025325944
0.95,7,local_corrected,output_mae,0.05310589315680166,0.051755979917364435,0.05435241664595197
0.95,7,local_corrected,output_cosine,0.9826729501364753,0.9818373267262359,0.9834716367045379
0.95,7,local_corrected,output_relative_rmse,0.1809634283708874,0.1766253131502405,0.18554219951517248
0.95,7,full_sparse,self_mass,0.0075352260882842375,0.007378721372854594,0.007702422189042341
0.95,7,full_sparse,output_mse,0.004323052135513687,0.004072371620479013,0.004547313889201613
0.95,7,full_sparse,output_mae,0.04875237529995502,0.047457172307698185,0.04992214473588016
0.95,7,full_sparse,output_cosine,0.9859349158359692,0.9853483818903139,0.9865270670760462
0.95,7,full_sparse,output_relative_rmse,0.1637638531343934,0.1601882113052852,0.16732004110387302
0.95,7,full_corrected,self_mass,0.003826201192841457,0.0037450267531090966,0.003913588381534202
0.95,7,full_corrected,output_mse,0.004391382660420126,0.0041367920528206995,0.004623507259655924
0.95,7,full_corrected,output_mae,0.049132577221219734,0.04781629341032385,0.05032873150248633
0.95,7,full_corrected,output_cosine,0.9858427035117834,0.9852628177342316,0.9864401777682361
0.95,7,full_corrected,output_relative_rmse,0.16500828758338076,0.1613764775915115,0.16860267440364016
0.95,8,dense,self_mass,0.004964792287462197,0.004820677562076507,0.005113741139720554
0.95,8,dense,output_mse,0.0,0.0,0.0
0.95,8,dense,output_mae,0.0,0.0,0.0
0.95,8,dense,output_cosine,1.0,1.0,1.0
0.95,8,dense,output_relative_rmse,0.0,0.0,0.0
0.95,8,local_sparse,self_mass,0.009967255849763507,0.009681463924931678,0.010269920448552246
0.95,8,local_sparse,output_mse,0.005405277768015063,0.00506741573667,0.005711877768890379
0.95,8,local_sparse,output_mae,0.05395540693158788,0.05247239755006679,0.05537187887061918
0.95,8,local_sparse,output_cosine,0.982472794285665,0.9816680667208857,0.98323870372454
0.95,8,local_sparse,output_relative_rmse,0.18236950044714226,0.17808334879797863,0.1866799583908384
0.95,8,local_corrected,self_mass,0.00504067954289648,0.00489221326339037,0.005198685920688344
0.95,8,local_corrected,output_mse,0.005439526779165741,0.005098953069506252,0.005752905438708922
0.95,8,local_corrected,output_mae,0.05410023327082551,0.05261268144157233,0.055531123256393276
0.95,8,local_corrected,output_cosine,0.9823606650849493,0.9815548758570609,0.9831302832928487
0.95,8,local_corrected,output_relative_rmse,0.18293946033857839,0.17863719614718626,0.18728435586593453
0.95,8,full_sparse,self_mass,0.009965105325439556,0.009678670734624953,0.01026706916605112
0.95,8,full_sparse,output_mse,0.004827972655884119,0.004502538968075479,0.005137077141739136
0.95,8,full_sparse,output_mae,0.05109822727717983,0.04957791568501004,0.05257190695818584
0.95,8,full_sparse,output_cosine,0.984612858039327,0.9840166519599732,0.9852254626268405
0.95,8,full_sparse,output_relative_rmse,0.1706359001036617,0.16701795939552538,0.1742826696549552
0.95,8,full_corrected,self_mass,0.005069158302333676,0.0049185374536673265,0.005229358366563374
0.95,8,full_corrected,output_mse,0.004915033629629306,0.004584886215099005,0.005231500090416811
0.95,8,full_corrected,output_mae,0.05154570187187346,0.04999187731376272,0.053044010128466344
0.95,8,full_corrected,output_cosine,0.9844844934220115,0.983887230430264,0.9851000415777283
0.95,8,full_corrected,output_relative_rmse,0.17211199013399892,0.16850463501814375,0.17579269361898087
