t,metric,before_mean,after_mean,relative_change_pct,mean,ci95_low,ci95_high
0.05,fm_mse,0.9898021647240967,0.9898345805704594,0.003274982366985313,3.241584636271e-05,-1.8142355838790535e-05,8.12876096460968e-05
0.05,dense_prediction_mse,0.00362970469859647,0.003568205675946956,-1.6943257856016247,-6.149902264951379e-05,-7.073883637076506e-05,-5.243321772923082e-05
0.15,fm_mse,0.8869815478101373,0.887201537261717,0.024802032480031322,0.00021998945157974958,0.00013381981698330493,0.0003063540061702951
0.15,dense_prediction_mse,0.008693812796991551,0.008488320294418372,-2.3636637614774525,-0.00020549250257317908,-0.00022883782075950877,-0.00018208529290859589
0.3,fm_mse,0.8214286001166329,0.82166508724913,0.028789736863754634,0.00023648713249713182,0.00012554373824968934,0.0003494968928862362
0.3,dense_prediction_mse,0.009959095346857794,0.009716204836877296,-2.438881259000425,-0.00024289050998049788,-0.00027714239149645437,-0.0002092472040658322
0.5,fm_mse,0.77511126245372,0.7752220460679382,0.014292607988619643,0.00011078361421823502,-2.8236329671926794e-05,0.00024262955121230324
0.5,dense_prediction_mse,0.007200744278179627,0.007060645331876003,-1.9456175763408967,-0.00014009894630362396,-0.00017764859077260554,-0.0001038419008523306
0.7,fm_mse,0.6816805412527174,0.6817298185778782,0.007228800321956719,4.927732516080141e-05,-7.622187258675695e-05,0.00018685000832192598
0.7,dense_prediction_mse,0.00324550621689923,0.0031366361927211983,-3.354485152767528,-0.0001088700241780316,-0.0001364643224746942,-8.219188154043878e-05
0.85,fm_mse,0.6307318304898217,0.6307256211293861,-0.0009844691730265254,-6.209360435605049e-06,-0.00010500136704649776,8.703338680788866e-05
0.85,dense_prediction_mse,0.002141746338111261,0.0020641091771267384,-3.6249465962896688,-7.763716098452278e-05,-9.256410215812139e-05,-6.314108637184293e-05
0.95,fm_mse,0.6567195851821452,0.6567213013768196,0.00026132838324421925,1.716194674372673e-06,-2.930230984929949e-05,3.269031003583219e-05
0.95,dense_prediction_mse,0.00217068420937494,0.0021474880804817076,-1.0686090953742178,-2.3196128893232526e-05,-2.8176310647154423e-05,-1.8585447578800542e-05
