t,metric,r_mean,p_mean,difference,relative_percent,ci_low,ci_high,images
0.05,mae,0.7881034581223503,0.7869054796174169,0.0011979785049334168,0.15223918703881162,-0.0005648551974445582,0.0030792047968134263,256
0.05,mse,0.9876379231864121,0.9840670839766972,0.0035708392097149044,0.3628654253208882,-0.0003262978651036974,0.007666351572697747,256
0.15,mae,0.7361062792479061,0.7337772703904193,0.0023290088574867696,0.3173999729165199,0.0004616189777152613,0.004293939472700001,256
0.15,mse,0.8815577376517467,0.8764406365517061,0.0051171011000406,0.5838502788019361,0.0008164448860043194,0.009145086289208846,256
0.3,mae,0.693850669224048,0.6920521238353103,0.0017985453887376934,0.25988582749667255,-0.00026475813574506897,0.003780946478218538,256
0.3,mse,0.8083598088705912,0.8041823914390989,0.0041774174314923584,0.5194614400865947,-0.00046137413446558636,0.008622513759473802,256
0.5,mae,0.667834374908125,0.6674127559526823,0.0004216189554426819,0.06317214522531144,-0.0017130407395598013,0.0026419736139359877,256
0.5,mse,0.7619705890538171,0.7598053415713366,0.0021652474824804813,0.2849739747818278,-0.0021240409347228705,0.00664590592132299,256
0.7,mae,0.6309652578202076,0.6319902860559523,-0.001025028235744685,-0.16219050487968031,-0.003308041181298904,0.0012446075968909984,256
0.7,mse,0.6756715978553984,0.6777682272950187,-0.002096629439620301,-0.3093431286957748,-0.00703638387931278,0.00307457562666968,256
0.85,mae,0.6145576809067279,0.6165444211219437,-0.001986740215215832,-0.3222379681257197,-0.004361052047170233,0.0004007182898931192,256
0.85,mse,0.6300430501578376,0.6340326378704049,-0.0039895877125673,-0.629240117033654,-0.009499396735918708,0.0018777824516291726,256
0.95,mae,0.6304143248125911,0.6321489829570055,-0.001734658144414425,-0.2744065388352297,-0.004168383746582549,0.000748599579674191,256
0.95,mse,0.6436381160165183,0.6467939299764112,-0.003155813959892839,-0.48791644658878186,-0.00842461065913085,0.0022907373117050122,256
